"pokedex_number","name","type","type1","type2","height_ft","height_m","weight_lbs","weight_kgs","bmi"
1,"Bulbasaur","Grass/Poison","Grass","Poison","2′04″",0.7,15.2,6.9,"14.1"
2,"Ivysaur","Grass/Poison","Grass","Poison","3′03″",1,28.7,13,"13.0"
3,"Venusaur","Grass/Poison","Grass","Poison","6′07″",2,220.5,100,"25.0"
3,"Venusaur Mega Venusaur","Grass/Poison","Grass","Poison","7′10″",2.4,342.8,155.5,"27.0"
4,"Charmander","Fire","Fire",NA,"2′00″",0.6,18.7,8.5,"23.6"
5,"Charmeleon","Fire","Fire",NA,"3′07″",1.1,41.9,19,"15.7"
6,"Charizard","Fire/Flying","Fire","Flying","5′07″",1.7,199.5,90.5,"31.3"
6,"Charizard Mega Charizard X","Fire/Dragon","Fire","Dragon","5′07″",1.7,243.6,110.5,"38.2"
6,"Charizard Mega Charizard Y","Fire/Flying","Fire","Flying","5′07″",1.7,221.6,100.5,"34.8"
7,"Squirtle","Water","Water",NA,"1′08″",0.5,19.8,9,"36.0"
8,"Wartortle","Water","Water",NA,"3′03″",1,49.6,22.5,"22.5"
9,"Blastoise","Water","Water",NA,"5′03″",1.6,188.5,85.5,"33.4"
9,"Blastoise Mega Blastoise","Water","Water",NA,"5′03″",1.6,222.9,101.1,"39.5"
10,"Caterpie","Bug","Bug",NA,"1′00″",0.3,6.4,2.9,"32.2"
11,"Metapod","Bug","Bug",NA,"2′04″",0.7,21.8,9.9,"20.2"
12,"Butterfree","Bug/Flying","Bug","Flying","3′07″",1.1,70.5,32,"26.4"
13,"Weedle","Bug/Poison","Bug","Poison","1′00″",0.3,7.1,3.2,"35.6"
14,"Kakuna","Bug/Poison","Bug","Poison","2′00″",0.6,22,10,"27.8"
15,"Beedrill","Bug/Poison","Bug","Poison","3′03″",1,65,29.5,"29.5"
15,"Beedrill Mega Beedrill","Bug/Poison","Bug","Poison","4′07″",1.4,89.3,40.5,"20.7"
16,"Pidgey","Normal/Flying","Normal","Flying","1′00″",0.3,4,1.8,"20.0"
17,"Pidgeotto","Normal/Flying","Normal","Flying","3′07″",1.1,66.1,30,"24.8"
18,"Pidgeot","Normal/Flying","Normal","Flying","4′11″",1.5,87.1,39.5,"17.6"
18,"Pidgeot Mega Pidgeot","Normal/Flying","Normal","Flying","7′03″",2.2,111.3,50.5,"10.4"
19,"Rattata","Normal","Normal",NA,"1′00″",0.3,7.7,3.5,"38.9"
19,"Rattata Alolan Rattata","Dark/Normal","Dark","Normal","1′00″",0.3,8.4,3.8,"42.2"
20,"Raticate","Normal","Normal",NA,"2′04″",0.7,40.8,18.5,"37.8"
20,"Raticate Alolan Raticate","Dark/Normal","Dark","Normal","2′04″",0.7,56.2,25.5,"52.0"
21,"Spearow","Normal/Flying","Normal","Flying","1′00″",0.3,4.4,2,"22.2"
22,"Fearow","Normal/Flying","Normal","Flying","3′11″",1.2,83.8,38,"26.4"
23,"Ekans","Poison","Poison",NA,"6′07″",2,15.2,6.9,"1.7"
24,"Arbok","Poison","Poison",NA,"11′06″",3.5,143.3,65,"5.3"
25,"Pikachu","Electric","Electric",NA,"1′04″",0.4,13.2,6,"37.5"
26,"Raichu","Electric","Electric",NA,"2′07″",0.8,66.1,30,"46.9"
26,"Raichu Alolan Raichu","Electric/Psychic","Electric","Psychic","2′04″",0.7,46.3,21,"42.9"
27,"Sandshrew","Ground","Ground",NA,"2′00″",0.6,26.5,12,"33.3"
27,"Sandshrew Alolan Sandshrew","Ice/Steel","Ice","Steel","2′04″",0.7,88.2,40,"81.6"
28,"Sandslash","Ground","Ground",NA,"3′03″",1,65,29.5,"29.5"
28,"Sandslash Alolan Sandslash","Ice/Steel","Ice","Steel","3′11″",1.2,121.3,55,"38.2"
29,"Nidoran♀","Poison","Poison",NA,"1′04″",0.4,15.4,7,"43.8"
30,"Nidorina","Poison","Poison",NA,"2′07″",0.8,44.1,20,"31.3"
31,"Nidoqueen","Poison/Ground","Poison","Ground","4′03″",1.3,132.3,60,"35.5"
32,"Nidoran♂","Poison","Poison",NA,"1′08″",0.5,19.8,9,"36.0"
33,"Nidorino","Poison","Poison",NA,"2′11″",0.9,43,19.5,"24.1"
34,"Nidoking","Poison/Ground","Poison","Ground","4′07″",1.4,136.7,62,"31.6"
35,"Clefairy","Fairy","Fairy",NA,"2′00″",0.6,16.5,7.5,"20.8"
36,"Clefable","Fairy","Fairy",NA,"4′03″",1.3,88.2,40,"23.7"
37,"Vulpix","Fire","Fire",NA,"2′00″",0.6,21.8,9.9,"27.5"
37,"Vulpix Alolan Vulpix","Ice","Ice",NA,"2′00″",0.6,21.8,9.9,"27.5"
38,"Ninetales","Fire","Fire",NA,"3′07″",1.1,43.9,19.9,"16.4"
38,"Ninetales Alolan Ninetales","Ice/Fairy","Ice","Fairy","3′07″",1.1,43.9,19.9,"16.4"
39,"Jigglypuff","Normal/Fairy","Normal","Fairy","1′08″",0.5,12.1,5.5,"22.0"
40,"Wigglytuff","Normal/Fairy","Normal","Fairy","3′03″",1,26.5,12,"12.0"
41,"Zubat","Poison/Flying","Poison","Flying","2′07″",0.8,16.5,7.5,"11.7"
42,"Golbat","Poison/Flying","Poison","Flying","5′03″",1.6,121.3,55,"21.5"
43,"Oddish","Grass/Poison","Grass","Poison","1′08″",0.5,11.9,5.4,"21.6"
44,"Gloom","Grass/Poison","Grass","Poison","2′07″",0.8,19,8.6,"13.4"
45,"Vileplume","Grass/Poison","Grass","Poison","3′11″",1.2,41,18.6,"12.9"
46,"Paras","Bug/Grass","Bug","Grass","1′00″",0.3,11.9,5.4,"60.0"
47,"Parasect","Bug/Grass","Bug","Grass","3′03″",1,65,29.5,"29.5"
48,"Venonat","Bug/Poison","Bug","Poison","3′03″",1,66.1,30,"30.0"
49,"Venomoth","Bug/Poison","Bug","Poison","4′11″",1.5,27.6,12.5,"5.6"
50,"Diglett","Ground","Ground",NA,"0′08″",0.2,1.8,0.8,"20.0"
50,"Diglett Alolan Diglett","Ground/Steel","Ground","Steel","0′08″",0.2,2.2,1,"25.0"
51,"Dugtrio","Ground","Ground",NA,"2′04″",0.7,73.4,33.3,"68.0"
51,"Dugtrio Alolan Dugtrio","Ground/Steel","Ground","Steel","2′04″",0.7,146.8,66.6,"135.9"
52,"Meowth","Normal","Normal",NA,"1′04″",0.4,9.3,4.2,"26.3"
52,"Meowth Alolan Meowth","Dark","Dark",NA,"1′04″",0.4,9.3,4.2,"26.3"
53,"Persian","Normal","Normal",NA,"3′03″",1,70.5,32,"32.0"
53,"Persian Alolan Persian","Dark","Dark",NA,"3′07″",1.1,72.8,33,"27.3"
54,"Psyduck","Water","Water",NA,"2′07″",0.8,43.2,19.6,"30.6"
55,"Golduck","Water","Water",NA,"5′07″",1.7,168.9,76.6,"26.5"
56,"Mankey","Fighting","Fighting",NA,"1′08″",0.5,61.7,28,"112.0"
57,"Primeape","Fighting","Fighting",NA,"3′03″",1,70.5,32,"32.0"
58,"Growlithe","Fire","Fire",NA,"2′04″",0.7,41.9,19,"38.8"
59,"Arcanine","Fire","Fire",NA,"6′03″",1.9,341.7,155,"42.9"
60,"Poliwag","Water","Water",NA,"2′00″",0.6,27.3,12.4,"34.4"
61,"Poliwhirl","Water","Water",NA,"3′03″",1,44.1,20,"20.0"
62,"Poliwrath","Water/Fighting","Water","Fighting","4′03″",1.3,119,54,"32.0"
63,"Abra","Psychic","Psychic",NA,"2′11″",0.9,43,19.5,"24.1"
64,"Kadabra","Psychic","Psychic",NA,"4′03″",1.3,124.6,56.5,"33.4"
65,"Alakazam","Psychic","Psychic",NA,"4′11″",1.5,105.8,48,"21.3"
65,"Alakazam Mega Alakazam","Psychic","Psychic",NA,"3′11″",1.2,105.8,48,"33.3"
66,"Machop","Fighting","Fighting",NA,"2′07″",0.8,43,19.5,"30.5"
67,"Machoke","Fighting","Fighting",NA,"4′11″",1.5,155.4,70.5,"31.3"
68,"Machamp","Fighting","Fighting",NA,"5′03″",1.6,286.6,130,"50.8"
69,"Bellsprout","Grass/Poison","Grass","Poison","2′04″",0.7,8.8,4,"8.2"
70,"Weepinbell","Grass/Poison","Grass","Poison","3′03″",1,14.1,6.4,"6.4"
71,"Victreebel","Grass/Poison","Grass","Poison","5′07″",1.7,34.2,15.5,"5.4"
72,"Tentacool","Water/Poison","Water","Poison","2′11″",0.9,100.3,45.5,"56.2"
73,"Tentacruel","Water/Poison","Water","Poison","5′03″",1.6,121.3,55,"21.5"
74,"Geodude","Rock/Ground","Rock","Ground","1′04″",0.4,44.1,20,"125.0"
74,"Geodude Alolan Geodude","Rock/Electric","Rock","Electric","1′04″",0.4,44.8,20.3,"126.9"
75,"Graveler","Rock/Ground","Rock","Ground","3′03″",1,231.5,105,"105.0"
75,"Graveler Alolan Graveler","Rock/Electric","Rock","Electric","3′03″",1,242.5,110,"110.0"
76,"Golem","Rock/Ground","Rock","Ground","4′07″",1.4,661.4,300,"153.1"
76,"Golem Alolan Golem","Rock/Electric","Rock","Electric","5′07″",1.7,696.7,316,"109.3"
77,"Ponyta","Fire","Fire",NA,"3′03″",1,66.1,30,"30.0"
78,"Rapidash","Fire","Fire",NA,"5′07″",1.7,209.4,95,"32.9"
79,"Slowpoke","Water/Psychic","Water","Psychic","3′11″",1.2,79.4,36,"25.0"
80,"Slowbro","Water/Psychic","Water","Psychic","5′03″",1.6,173.1,78.5,"30.7"
80,"Slowbro Mega Slowbro","Water/Psychic","Water","Psychic","6′07″",2,264.6,120,"30.0"
81,"Magnemite","Electric/Steel","Electric","Steel","1′00″",0.3,13.2,6,"66.7"
82,"Magneton","Electric/Steel","Electric","Steel","3′03″",1,132.3,60,"60.0"
83,"Farfetch'd","Normal/Flying","Normal","Flying","2′07″",0.8,33.1,15,"23.4"
84,"Doduo","Normal/Flying","Normal","Flying","4′07″",1.4,86.4,39.2,"20.0"
85,"Dodrio","Normal/Flying","Normal","Flying","5′11″",1.8,187.8,85.2,"26.3"
86,"Seel","Water","Water",NA,"3′07″",1.1,198.4,90,"74.4"
87,"Dewgong","Water/Ice","Water","Ice","5′07″",1.7,264.6,120,"41.5"
88,"Grimer","Poison","Poison",NA,"2′11″",0.9,66.1,30,"37.0"
88,"Grimer Alolan Grimer","Poison/Dark","Poison","Dark","2′04″",0.7,92.6,42,"85.7"
89,"Muk","Poison","Poison",NA,"3′11″",1.2,66.1,30,"20.8"
89,"Muk Alolan Muk","Poison/Dark","Poison","Dark","3′03″",1,114.6,52,"52.0"
90,"Shellder","Water","Water",NA,"1′00″",0.3,8.8,4,"44.4"
91,"Cloyster","Water/Ice","Water","Ice","4′11″",1.5,292.1,132.5,"58.9"
92,"Gastly","Ghost/Poison","Ghost","Poison","4′03″",1.3,0.2,0.1,"0.1"
93,"Haunter","Ghost/Poison","Ghost","Poison","5′03″",1.6,0.2,0.1,"0.0"
94,"Gengar","Ghost/Poison","Ghost","Poison","4′11″",1.5,89.3,40.5,"18.0"
94,"Gengar Mega Gengar","Ghost/Poison","Ghost","Poison","4′07″",1.4,89.3,40.5,"20.7"
95,"Onix","Rock/Ground","Rock","Ground","28′10″",8.8,463,210,"2.7"
96,"Drowzee","Psychic","Psychic",NA,"3′03″",1,71.4,32.4,"32.4"
97,"Hypno","Psychic","Psychic",NA,"5′03″",1.6,166.7,75.6,"29.5"
98,"Krabby","Water","Water",NA,"1′04″",0.4,14.3,6.5,"40.6"
99,"Kingler","Water","Water",NA,"4′03″",1.3,132.3,60,"35.5"
100,"Voltorb","Electric","Electric",NA,"1′08″",0.5,22.9,10.4,"41.6"
101,"Electrode","Electric","Electric",NA,"3′11″",1.2,146.8,66.6,"46.3"
102,"Exeggcute","Grass/Psychic","Grass","Psychic","1′04″",0.4,5.5,2.5,"15.6"
103,"Exeggutor","Grass/Psychic","Grass","Psychic","6′07″",2,264.6,120,"30.0"
103,"Exeggutor Alolan Exeggutor","Grass/Dragon","Grass","Dragon","35′09″",10.9,916.2,415.6,"3.5"
104,"Cubone","Ground","Ground",NA,"1′04″",0.4,14.3,6.5,"40.6"
105,"Marowak","Ground","Ground",NA,"3′03″",1,99.2,45,"45.0"
105,"Marowak Alolan Marowak","Fire/Ghost","Fire","Ghost","3′03″",1,75,34,"34.0"
106,"Hitmonlee","Fighting","Fighting",NA,"4′11″",1.5,109.8,49.8,"22.1"
107,"Hitmonchan","Fighting","Fighting",NA,"4′07″",1.4,110.7,50.2,"25.6"
108,"Lickitung","Normal","Normal",NA,"3′11″",1.2,144.4,65.5,"45.5"
109,"Koffing","Poison","Poison",NA,"2′00″",0.6,2.2,1,"2.8"
110,"Weezing","Poison","Poison",NA,"3′11″",1.2,20.9,9.5,"6.6"
111,"Rhyhorn","Ground/Rock","Ground","Rock","3′03″",1,253.5,115,"115.0"
112,"Rhydon","Ground/Rock","Ground","Rock","6′03″",1.9,264.6,120,"33.2"
113,"Chansey","Normal","Normal",NA,"3′07″",1.1,76.3,34.6,"28.6"
114,"Tangela","Grass","Grass",NA,"3′03″",1,77.2,35,"35.0"
115,"Kangaskhan","Normal","Normal",NA,"7′03″",2.2,176.4,80,"16.5"
115,"Kangaskhan Mega Kangaskhan","Normal","Normal",NA,"7′03″",2.2,220.5,100,"20.7"
116,"Horsea","Water","Water",NA,"1′04″",0.4,17.6,8,"50.0"
117,"Seadra","Water","Water",NA,"3′11″",1.2,55.1,25,"17.4"
118,"Goldeen","Water","Water",NA,"2′00″",0.6,33.1,15,"41.7"
119,"Seaking","Water","Water",NA,"4′03″",1.3,86,39,"23.1"
120,"Staryu","Water","Water",NA,"2′07″",0.8,76.1,34.5,"53.9"
121,"Starmie","Water/Psychic","Water","Psychic","3′07″",1.1,176.4,80,"66.1"
122,"Mr. Mime","Psychic/Fairy","Psychic","Fairy","4′03″",1.3,120.1,54.5,"32.2"
123,"Scyther","Bug/Flying","Bug","Flying","4′11″",1.5,123.5,56,"24.9"
124,"Jynx","Ice/Psychic","Ice","Psychic","4′07″",1.4,89.5,40.6,"20.7"
125,"Electabuzz","Electric","Electric",NA,"3′07″",1.1,66.1,30,"24.8"
126,"Magmar","Fire","Fire",NA,"4′03″",1.3,98.1,44.5,"26.3"
127,"Pinsir","Bug","Bug",NA,"4′11″",1.5,121.3,55,"24.4"
127,"Pinsir Mega Pinsir","Bug/Flying","Bug","Flying","5′07″",1.7,130.1,59,"20.4"
128,"Tauros","Normal","Normal",NA,"4′07″",1.4,194.9,88.4,"45.1"
129,"Magikarp","Water","Water",NA,"2′11″",0.9,22,10,"12.3"
130,"Gyarados","Water/Flying","Water","Flying","21′04″",6.5,518.1,235,"5.6"
130,"Gyarados Mega Gyarados","Water/Dark","Water","Dark","21′04″",6.5,672.4,305,"7.2"
131,"Lapras","Water/Ice","Water","Ice","8′02″",2.5,485,220,"35.2"
132,"Ditto","Normal","Normal",NA,"1′00″",0.3,8.8,4,"44.4"
133,"Eevee","Normal","Normal",NA,"1′00″",0.3,14.3,6.5,"72.2"
134,"Vaporeon","Water","Water",NA,"3′03″",1,63.9,29,"29.0"
135,"Jolteon","Electric","Electric",NA,"2′07″",0.8,54,24.5,"38.3"
136,"Flareon","Fire","Fire",NA,"2′11″",0.9,55.1,25,"30.9"
137,"Porygon","Normal","Normal",NA,"2′07″",0.8,80.5,36.5,"57.0"
138,"Omanyte","Rock/Water","Rock","Water","1′04″",0.4,16.5,7.5,"46.9"
139,"Omastar","Rock/Water","Rock","Water","3′03″",1,77.2,35,"35.0"
140,"Kabuto","Rock/Water","Rock","Water","1′08″",0.5,25.4,11.5,"46.0"
141,"Kabutops","Rock/Water","Rock","Water","4′03″",1.3,89.3,40.5,"24.0"
142,"Aerodactyl","Rock/Flying","Rock","Flying","5′11″",1.8,130.1,59,"18.2"
142,"Aerodactyl Mega Aerodactyl","Rock/Flying","Rock","Flying","6′11″",2.1,174.2,79,"17.9"
143,"Snorlax","Normal","Normal",NA,"6′11″",2.1,1014.1,460,"104.3"
144,"Articuno","Ice/Flying","Ice","Flying","5′07″",1.7,122.1,55.4,"19.2"
145,"Zapdos","Electric/Flying","Electric","Flying","5′03″",1.6,116,52.6,"20.5"
146,"Moltres","Fire/Flying","Fire","Flying","6′07″",2,132.3,60,"15.0"
147,"Dratini","Dragon","Dragon",NA,"5′11″",1.8,7.3,3.3,"1.0"
148,"Dragonair","Dragon","Dragon",NA,"13′01″",4,36.4,16.5,"1.0"
149,"Dragonite","Dragon/Flying","Dragon","Flying","7′03″",2.2,463,210,"43.4"
150,"Mewtwo","Psychic","Psychic",NA,"6′07″",2,269,122,"30.5"
150,"Mewtwo Mega Mewtwo X","Psychic/Fighting","Psychic","Fighting","7′07″",2.3,280,127,"24.0"
150,"Mewtwo Mega Mewtwo Y","Psychic","Psychic",NA,"4′11″",1.5,72.8,33,"14.7"
151,"Mew","Psychic","Psychic",NA,"1′04″",0.4,8.8,4,"25.0"
152,"Chikorita","Grass","Grass",NA,"2′11″",0.9,14.1,6.4,"7.9"
153,"Bayleef","Grass","Grass",NA,"3′11″",1.2,34.8,15.8,"11.0"
154,"Meganium","Grass","Grass",NA,"5′11″",1.8,221.6,100.5,"31.0"
155,"Cyndaquil","Fire","Fire",NA,"1′08″",0.5,17.4,7.9,"31.6"
156,"Quilava","Fire","Fire",NA,"2′11″",0.9,41.9,19,"23.5"
157,"Typhlosion","Fire","Fire",NA,"5′07″",1.7,175.3,79.5,"27.5"
158,"Totodile","Water","Water",NA,"2′00″",0.6,20.9,9.5,"26.4"
159,"Croconaw","Water","Water",NA,"3′07″",1.1,55.1,25,"20.7"
160,"Feraligatr","Water","Water",NA,"7′07″",2.3,195.8,88.8,"16.8"
161,"Sentret","Normal","Normal",NA,"2′07″",0.8,13.2,6,"9.4"
162,"Furret","Normal","Normal",NA,"5′11″",1.8,71.6,32.5,"10.0"
163,"Hoothoot","Normal/Flying","Normal","Flying","2′04″",0.7,46.7,21.2,"43.3"
164,"Noctowl","Normal/Flying","Normal","Flying","5′03″",1.6,89.9,40.8,"15.9"
165,"Ledyba","Bug/Flying","Bug","Flying","3′03″",1,23.8,10.8,"10.8"
166,"Ledian","Bug/Flying","Bug","Flying","4′07″",1.4,78.5,35.6,"18.2"
167,"Spinarak","Bug/Poison","Bug","Poison","1′08″",0.5,18.7,8.5,"34.0"
168,"Ariados","Bug/Poison","Bug","Poison","3′07″",1.1,73.9,33.5,"27.7"
169,"Crobat","Poison/Flying","Poison","Flying","5′11″",1.8,165.3,75,"23.1"
170,"Chinchou","Water/Electric","Water","Electric","1′08″",0.5,26.5,12,"48.0"
171,"Lanturn","Water/Electric","Water","Electric","3′11″",1.2,49.6,22.5,"15.6"
172,"Pichu","Electric","Electric",NA,"1′00″",0.3,4.4,2,"22.2"
173,"Cleffa","Fairy","Fairy",NA,"1′00″",0.3,6.6,3,"33.3"
174,"Igglybuff","Normal/Fairy","Normal","Fairy","1′00″",0.3,2.2,1,"11.1"
175,"Togepi","Fairy","Fairy",NA,"1′00″",0.3,3.3,1.5,"16.7"
176,"Togetic","Fairy/Flying","Fairy","Flying","2′00″",0.6,7.1,3.2,"8.9"
177,"Natu","Psychic/Flying","Psychic","Flying","0′08″",0.2,4.4,2,"50.0"
178,"Xatu","Psychic/Flying","Psychic","Flying","4′11″",1.5,33.1,15,"6.7"
179,"Mareep","Electric","Electric",NA,"2′00″",0.6,17.2,7.8,"21.7"
180,"Flaaffy","Electric","Electric",NA,"2′07″",0.8,29.3,13.3,"20.8"
181,"Ampharos","Electric","Electric",NA,"4′07″",1.4,135.6,61.5,"31.4"
181,"Ampharos Mega Ampharos","Electric/Dragon","Electric","Dragon","4′07″",1.4,135.6,61.5,"31.4"
182,"Bellossom","Grass","Grass",NA,"1′04″",0.4,12.8,5.8,"36.3"
183,"Marill","Water/Fairy","Water","Fairy","1′04″",0.4,18.7,8.5,"53.1"
184,"Azumarill","Water/Fairy","Water","Fairy","2′07″",0.8,62.8,28.5,"44.5"
185,"Sudowoodo","Rock","Rock",NA,"3′11″",1.2,83.8,38,"26.4"
186,"Politoed","Water","Water",NA,"3′07″",1.1,74.7,33.9,"28.0"
187,"Hoppip","Grass/Flying","Grass","Flying","1′04″",0.4,1.1,0.5,"3.1"
188,"Skiploom","Grass/Flying","Grass","Flying","2′00″",0.6,2.2,1,"2.8"
189,"Jumpluff","Grass/Flying","Grass","Flying","2′07″",0.8,6.6,3,"4.7"
190,"Aipom","Normal","Normal",NA,"2′07″",0.8,25.4,11.5,"18.0"
191,"Sunkern","Grass","Grass",NA,"1′00″",0.3,4,1.8,"20.0"
192,"Sunflora","Grass","Grass",NA,"2′07″",0.8,18.7,8.5,"13.3"
193,"Yanma","Bug/Flying","Bug","Flying","3′11″",1.2,83.8,38,"26.4"
194,"Wooper","Water/Ground","Water","Ground","1′04″",0.4,18.7,8.5,"53.1"
195,"Quagsire","Water/Ground","Water","Ground","4′07″",1.4,165.3,75,"38.3"
196,"Espeon","Psychic","Psychic",NA,"2′11″",0.9,58.4,26.5,"32.7"
197,"Umbreon","Dark","Dark",NA,"3′03″",1,59.5,27,"27.0"
198,"Murkrow","Dark/Flying","Dark","Flying","1′08″",0.5,4.6,2.1,"8.4"
199,"Slowking","Water/Psychic","Water","Psychic","6′07″",2,175.3,79.5,"19.9"
200,"Misdreavus","Ghost","Ghost",NA,"2′04″",0.7,2.2,1,"2.0"
201,"Unown","Psychic","Psychic",NA,"1′08″",0.5,11,5,"20.0"
202,"Wobbuffet","Psychic","Psychic",NA,"4′03″",1.3,62.8,28.5,"16.9"
203,"Girafarig","Normal/Psychic","Normal","Psychic","4′11″",1.5,91.5,41.5,"18.4"
204,"Pineco","Bug","Bug",NA,"2′00″",0.6,15.9,7.2,"20.0"
205,"Forretress","Bug/Steel","Bug","Steel","3′11″",1.2,277.3,125.8,"87.4"
206,"Dunsparce","Normal","Normal",NA,"4′11″",1.5,30.9,14,"6.2"
207,"Gligar","Ground/Flying","Ground","Flying","3′07″",1.1,142.9,64.8,"53.6"
208,"Steelix","Steel/Ground","Steel","Ground","30′02″",9.2,881.8,400,"4.7"
208,"Steelix Mega Steelix","Steel/Ground","Steel","Ground","34′05″",10.5,1631.4,740,"6.7"
209,"Snubbull","Fairy","Fairy",NA,"2′00″",0.6,17.2,7.8,"21.7"
210,"Granbull","Fairy","Fairy",NA,"4′07″",1.4,107.4,48.7,"24.8"
211,"Qwilfish","Water/Poison","Water","Poison","1′08″",0.5,8.6,3.9,"15.6"
212,"Scizor","Bug/Steel","Bug","Steel","5′11″",1.8,260.1,118,"36.4"
212,"Scizor Mega Scizor","Bug/Steel","Bug","Steel","6′07″",2,275.6,125,"31.3"
213,"Shuckle","Bug/Rock","Bug","Rock","2′00″",0.6,45.2,20.5,"56.9"
214,"Heracross","Bug/Fighting","Bug","Fighting","4′11″",1.5,119,54,"24.0"
214,"Heracross Mega Heracross","Bug/Fighting","Bug","Fighting","5′07″",1.7,137.8,62.5,"21.6"
215,"Sneasel","Dark/Ice","Dark","Ice","2′11″",0.9,61.7,28,"34.6"
216,"Teddiursa","Normal","Normal",NA,"2′00″",0.6,19.4,8.8,"24.4"
217,"Ursaring","Normal","Normal",NA,"5′11″",1.8,277.3,125.8,"38.8"
218,"Slugma","Fire","Fire",NA,"2′04″",0.7,77.2,35,"71.4"
219,"Magcargo","Fire/Rock","Fire","Rock","2′07″",0.8,121.3,55,"85.9"
220,"Swinub","Ice/Ground","Ice","Ground","1′04″",0.4,14.3,6.5,"40.6"
221,"Piloswine","Ice/Ground","Ice","Ground","3′07″",1.1,123,55.8,"46.1"
222,"Corsola","Water/Rock","Water","Rock","2′00″",0.6,11,5,"13.9"
223,"Remoraid","Water","Water",NA,"2′00″",0.6,26.5,12,"33.3"
224,"Octillery","Water","Water",NA,"2′11″",0.9,62.8,28.5,"35.2"
225,"Delibird","Ice/Flying","Ice","Flying","2′11″",0.9,35.3,16,"19.8"
226,"Mantine","Water/Flying","Water","Flying","6′11″",2.1,485,220,"49.9"
227,"Skarmory","Steel/Flying","Steel","Flying","5′07″",1.7,111.3,50.5,"17.5"
228,"Houndour","Dark/Fire","Dark","Fire","2′00″",0.6,23.8,10.8,"30.0"
229,"Houndoom","Dark/Fire","Dark","Fire","4′07″",1.4,77.2,35,"17.9"
229,"Houndoom Mega Houndoom","Dark/Fire","Dark","Fire","6′03″",1.9,109.1,49.5,"13.7"
230,"Kingdra","Water/Dragon","Water","Dragon","5′11″",1.8,335.1,152,"46.9"
231,"Phanpy","Ground","Ground",NA,"1′08″",0.5,73.9,33.5,"134.0"
232,"Donphan","Ground","Ground",NA,"3′07″",1.1,264.6,120,"99.2"
233,"Porygon2","Normal","Normal",NA,"2′00″",0.6,71.6,32.5,"90.3"
234,"Stantler","Normal","Normal",NA,"4′07″",1.4,157,71.2,"36.3"
235,"Smeargle","Normal","Normal",NA,"3′11″",1.2,127.9,58,"40.3"
236,"Tyrogue","Fighting","Fighting",NA,"2′04″",0.7,46.3,21,"42.9"
237,"Hitmontop","Fighting","Fighting",NA,"4′07″",1.4,105.8,48,"24.5"
238,"Smoochum","Ice/Psychic","Ice","Psychic","1′04″",0.4,13.2,6,"37.5"
239,"Elekid","Electric","Electric",NA,"2′00″",0.6,51.8,23.5,"65.3"
240,"Magby","Fire","Fire",NA,"2′04″",0.7,47.2,21.4,"43.7"
241,"Miltank","Normal","Normal",NA,"3′11″",1.2,166.4,75.5,"52.4"
242,"Blissey","Normal","Normal",NA,"4′11″",1.5,103.2,46.8,"20.8"
243,"Raikou","Electric","Electric",NA,"6′03″",1.9,392.4,178,"49.3"
244,"Entei","Fire","Fire",NA,"6′11″",2.1,436.5,198,"44.9"
245,"Suicune","Water","Water",NA,"6′07″",2,412.3,187,"46.8"
246,"Larvitar","Rock/Ground","Rock","Ground","2′00″",0.6,158.7,72,"200.0"
247,"Pupitar","Rock/Ground","Rock","Ground","3′11″",1.2,335.1,152,"105.6"
248,"Tyranitar","Rock/Dark","Rock","Dark","6′07″",2,445.3,202,"50.5"
248,"Tyranitar Mega Tyranitar","Rock/Dark","Rock","Dark","8′02″",2.5,562.2,255,"40.8"
249,"Lugia","Psychic/Flying","Psychic","Flying","17′01″",5.2,476.2,216,"8.0"
250,"Ho-oh","Fire/Flying","Fire","Flying","12′06″",3.8,438.7,199,"13.8"
251,"Celebi","Psychic/Grass","Psychic","Grass","2′00″",0.6,11,5,"13.9"
252,"Treecko","Grass","Grass",NA,"1′08″",0.5,11,5,"20.0"
253,"Grovyle","Grass","Grass",NA,"2′11″",0.9,47.6,21.6,"26.7"
254,"Sceptile","Grass","Grass",NA,"5′07″",1.7,115.1,52.2,"18.1"
254,"Sceptile Mega Sceptile","Grass/Dragon","Grass","Dragon","6′03″",1.9,121.7,55.2,"15.3"
255,"Torchic","Fire","Fire",NA,"1′04″",0.4,5.5,2.5,"15.6"
256,"Combusken","Fire/Fighting","Fire","Fighting","2′11″",0.9,43,19.5,"24.1"
257,"Blaziken","Fire/Fighting","Fire","Fighting","6′03″",1.9,114.6,52,"14.4"
257,"Blaziken Mega Blaziken","Fire/Fighting","Fire","Fighting","6′03″",1.9,114.6,52,"14.4"
258,"Mudkip","Water","Water",NA,"1′04″",0.4,16.8,7.6,"47.5"
259,"Marshtomp","Water/Ground","Water","Ground","2′04″",0.7,61.7,28,"57.1"
260,"Swampert","Water/Ground","Water","Ground","4′11″",1.5,180.6,81.9,"36.4"
260,"Swampert Mega Swampert","Water/Ground","Water","Ground","6′03″",1.9,224.9,102,"28.3"
261,"Poochyena","Dark","Dark",NA,"1′08″",0.5,30,13.6,"54.4"
262,"Mightyena","Dark","Dark",NA,"3′03″",1,81.6,37,"37.0"
263,"Zigzagoon","Normal","Normal",NA,"1′04″",0.4,38.6,17.5,"109.4"
264,"Linoone","Normal","Normal",NA,"1′08″",0.5,71.6,32.5,"130.0"
265,"Wurmple","Bug","Bug",NA,"1′00″",0.3,7.9,3.6,"40.0"
266,"Silcoon","Bug","Bug",NA,"2′00″",0.6,22,10,"27.8"
267,"Beautifly","Bug/Flying","Bug","Flying","3′03″",1,62.6,28.4,"28.4"
268,"Cascoon","Bug","Bug",NA,"2′04″",0.7,25.4,11.5,"23.5"
269,"Dustox","Bug/Poison","Bug","Poison","3′11″",1.2,69.7,31.6,"21.9"
270,"Lotad","Water/Grass","Water","Grass","1′08″",0.5,5.7,2.6,"10.4"
271,"Lombre","Water/Grass","Water","Grass","3′11″",1.2,71.6,32.5,"22.6"
272,"Ludicolo","Water/Grass","Water","Grass","4′11″",1.5,121.3,55,"24.4"
273,"Seedot","Grass","Grass",NA,"1′08″",0.5,8.8,4,"16.0"
274,"Nuzleaf","Grass/Dark","Grass","Dark","3′03″",1,61.7,28,"28.0"
275,"Shiftry","Grass/Dark","Grass","Dark","4′03″",1.3,131.4,59.6,"35.3"
276,"Taillow","Normal/Flying","Normal","Flying","1′00″",0.3,5.1,2.3,"25.6"
277,"Swellow","Normal/Flying","Normal","Flying","2′04″",0.7,43.7,19.8,"40.4"
278,"Wingull","Water/Flying","Water","Flying","2′00″",0.6,20.9,9.5,"26.4"
279,"Pelipper","Water/Flying","Water","Flying","3′11″",1.2,61.7,28,"19.4"
280,"Ralts","Psychic/Fairy","Psychic","Fairy","1′04″",0.4,14.6,6.6,"41.3"
281,"Kirlia","Psychic/Fairy","Psychic","Fairy","2′07″",0.8,44.5,20.2,"31.6"
282,"Gardevoir","Psychic/Fairy","Psychic","Fairy","5′03″",1.6,106.7,48.4,"18.9"
282,"Gardevoir Mega Gardevoir","Psychic/Fairy","Psychic","Fairy","5′03″",1.6,106.7,48.4,"18.9"
283,"Surskit","Bug/Water","Bug","Water","1′08″",0.5,3.7,1.7,"6.8"
284,"Masquerain","Bug/Flying","Bug","Flying","2′07″",0.8,7.9,3.6,"5.6"
285,"Shroomish","Grass","Grass",NA,"1′04″",0.4,9.9,4.5,"28.1"
286,"Breloom","Grass/Fighting","Grass","Fighting","3′11″",1.2,86.4,39.2,"27.2"
287,"Slakoth","Normal","Normal",NA,"2′07″",0.8,52.9,24,"37.5"
288,"Vigoroth","Normal","Normal",NA,"4′07″",1.4,102.5,46.5,"23.7"
289,"Slaking","Normal","Normal",NA,"6′07″",2,287.7,130.5,"32.6"
290,"Nincada","Bug/Ground","Bug","Ground","1′08″",0.5,12.1,5.5,"22.0"
291,"Ninjask","Bug/Flying","Bug","Flying","2′07″",0.8,26.5,12,"18.8"
292,"Shedinja","Bug/Ghost","Bug","Ghost","2′07″",0.8,2.6,1.2,"1.9"
293,"Whismur","Normal","Normal",NA,"2′00″",0.6,35.9,16.3,"45.3"
294,"Loudred","Normal","Normal",NA,"3′03″",1,89.3,40.5,"40.5"
295,"Exploud","Normal","Normal",NA,"4′11″",1.5,185.2,84,"37.3"
296,"Makuhita","Fighting","Fighting",NA,"3′03″",1,190.5,86.4,"86.4"
297,"Hariyama","Fighting","Fighting",NA,"7′07″",2.3,559.5,253.8,"48.0"
298,"Azurill","Normal/Fairy","Normal","Fairy","0′08″",0.2,4.4,2,"50.0"
299,"Nosepass","Rock","Rock",NA,"3′03″",1,213.8,97,"97.0"
300,"Skitty","Normal","Normal",NA,"2′00″",0.6,24.3,11,"30.6"
301,"Delcatty","Normal","Normal",NA,"3′07″",1.1,71.9,32.6,"26.9"
302,"Sableye","Dark/Ghost","Dark","Ghost","1′08″",0.5,24.3,11,"44.0"
302,"Sableye Mega Sableye","Dark/Ghost","Dark","Ghost","1′08″",0.5,354.9,161,"644.0"
303,"Mawile","Steel/Fairy","Steel","Fairy","2′00″",0.6,25.4,11.5,"31.9"
303,"Mawile Mega Mawile","Steel/Fairy","Steel","Fairy","3′03″",1,51.8,23.5,"23.5"
304,"Aron","Steel/Rock","Steel","Rock","1′04″",0.4,132.3,60,"375.0"
305,"Lairon","Steel/Rock","Steel","Rock","2′11″",0.9,264.6,120,"148.1"
306,"Aggron","Steel/Rock","Steel","Rock","6′11″",2.1,793.7,360,"81.6"
306,"Aggron Mega Aggron","Steel","Steel",NA,"7′03″",2.2,870.8,395,"81.6"
307,"Meditite","Fighting/Psychic","Fighting","Psychic","2′00″",0.6,24.7,11.2,"31.1"
308,"Medicham","Fighting/Psychic","Fighting","Psychic","4′03″",1.3,69.4,31.5,"18.6"
308,"Medicham Mega Medicham","Fighting/Psychic","Fighting","Psychic","4′03″",1.3,69.4,31.5,"18.6"
309,"Electrike","Electric","Electric",NA,"2′00″",0.6,33.5,15.2,"42.2"
310,"Manectric","Electric","Electric",NA,"4′11″",1.5,88.6,40.2,"17.9"
310,"Manectric Mega Manectric","Electric","Electric",NA,"5′11″",1.8,97,44,"13.6"
311,"Plusle","Electric","Electric",NA,"1′04″",0.4,9.3,4.2,"26.3"
312,"Minun","Electric","Electric",NA,"1′04″",0.4,9.3,4.2,"26.3"
313,"Volbeat","Bug","Bug",NA,"2′04″",0.7,39,17.7,"36.1"
314,"Illumise","Bug","Bug",NA,"2′00″",0.6,39,17.7,"49.2"
315,"Roselia","Grass/Poison","Grass","Poison","1′00″",0.3,4.4,2,"22.2"
316,"Gulpin","Poison","Poison",NA,"1′04″",0.4,22.7,10.3,"64.4"
317,"Swalot","Poison","Poison",NA,"5′07″",1.7,176.4,80,"27.7"
318,"Carvanha","Water/Dark","Water","Dark","2′07″",0.8,45.9,20.8,"32.5"
319,"Sharpedo","Water/Dark","Water","Dark","5′11″",1.8,195.8,88.8,"27.4"
319,"Sharpedo Mega Sharpedo","Water/Dark","Water","Dark","8′02″",2.5,287.3,130.3,"20.8"
320,"Wailmer","Water","Water",NA,"6′07″",2,286.6,130,"32.5"
321,"Wailord","Water","Water",NA,"47′07″",14.5,877.4,398,"1.9"
322,"Numel","Fire/Ground","Fire","Ground","2′04″",0.7,52.9,24,"49.0"
323,"Camerupt","Fire/Ground","Fire","Ground","6′03″",1.9,485,220,"60.9"
323,"Camerupt Mega Camerupt","Fire/Ground","Fire","Ground","8′02″",2.5,706.6,320.5,"51.3"
324,"Torkoal","Fire","Fire",NA,"1′08″",0.5,177.2,80.4,"321.6"
325,"Spoink","Psychic","Psychic",NA,"2′04″",0.7,67.5,30.6,"62.4"
326,"Grumpig","Psychic","Psychic",NA,"2′11″",0.9,157.6,71.5,"88.3"
327,"Spinda","Normal","Normal",NA,"3′07″",1.1,11,5,"4.1"
328,"Trapinch","Ground","Ground",NA,"2′04″",0.7,33.1,15,"30.6"
329,"Vibrava","Ground/Dragon","Ground","Dragon","3′07″",1.1,33.7,15.3,"12.6"
330,"Flygon","Ground/Dragon","Ground","Dragon","6′07″",2,180.8,82,"20.5"
331,"Cacnea","Grass","Grass",NA,"1′04″",0.4,113.1,51.3,"320.6"
332,"Cacturne","Grass/Dark","Grass","Dark","4′03″",1.3,170.6,77.4,"45.8"
333,"Swablu","Normal/Flying","Normal","Flying","1′04″",0.4,2.6,1.2,"7.5"
334,"Altaria","Dragon/Flying","Dragon","Flying","3′07″",1.1,45.4,20.6,"17.0"
334,"Altaria Mega Altaria","Dragon/Fairy","Dragon","Fairy","4′11″",1.5,45.4,20.6,"9.2"
335,"Zangoose","Normal","Normal",NA,"4′03″",1.3,88.8,40.3,"23.8"
336,"Seviper","Poison","Poison",NA,"8′10″",2.7,115.7,52.5,"7.2"
337,"Lunatone","Rock/Psychic","Rock","Psychic","3′03″",1,370.4,168,"168.0"
338,"Solrock","Rock/Psychic","Rock","Psychic","3′11″",1.2,339.5,154,"106.9"
339,"Barboach","Water/Ground","Water","Ground","1′04″",0.4,4.2,1.9,"11.9"
340,"Whiscash","Water/Ground","Water","Ground","2′11″",0.9,52,23.6,"29.1"
341,"Corphish","Water","Water",NA,"2′00″",0.6,25.4,11.5,"31.9"
342,"Crawdaunt","Water/Dark","Water","Dark","3′07″",1.1,72.3,32.8,"27.1"
343,"Baltoy","Ground/Psychic","Ground","Psychic","1′08″",0.5,47.4,21.5,"86.0"
344,"Claydol","Ground/Psychic","Ground","Psychic","4′11″",1.5,238.1,108,"48.0"
345,"Lileep","Rock/Grass","Rock","Grass","3′03″",1,52.5,23.8,"23.8"
346,"Cradily","Rock/Grass","Rock","Grass","4′11″",1.5,133.2,60.4,"26.8"
347,"Anorith","Rock/Bug","Rock","Bug","2′04″",0.7,27.6,12.5,"25.5"
348,"Armaldo","Rock/Bug","Rock","Bug","4′11″",1.5,150.4,68.2,"30.3"
349,"Feebas","Water","Water",NA,"2′00″",0.6,16.3,7.4,"20.6"
350,"Milotic","Water","Water",NA,"20′04″",6.2,357.1,162,"4.2"
351,"Castform","Normal","Normal",NA,"1′00″",0.3,1.8,0.8,"8.9"
351,"Castform Sunny Form","Fire","Fire",NA,"1′00″",0.3,1.8,0.8,"8.9"
351,"Castform Rainy Form","Water","Water",NA,"1′00″",0.3,1.8,0.8,"8.9"
351,"Castform Snowy Form","Ice","Ice",NA,"1′00″",0.3,1.8,0.8,"8.9"
352,"Kecleon","Normal","Normal",NA,"3′03″",1,48.5,22,"22.0"
353,"Shuppet","Ghost","Ghost",NA,"2′00″",0.6,5.1,2.3,"6.4"
354,"Banette","Ghost","Ghost",NA,"3′07″",1.1,27.6,12.5,"10.3"
354,"Banette Mega Banette","Ghost","Ghost",NA,"3′11″",1.2,28.7,13,"9.0"
355,"Duskull","Ghost","Ghost",NA,"2′07″",0.8,33.1,15,"23.4"
356,"Dusclops","Ghost","Ghost",NA,"5′03″",1.6,67.5,30.6,"12.0"
357,"Tropius","Grass/Flying","Grass","Flying","6′07″",2,220.5,100,"25.0"
358,"Chimecho","Psychic","Psychic",NA,"2′00″",0.6,2.2,1,"2.8"
359,"Absol","Dark","Dark",NA,"3′11″",1.2,103.6,47,"32.6"
359,"Absol Mega Absol","Dark","Dark",NA,"3′11″",1.2,108,49,"34.0"
360,"Wynaut","Psychic","Psychic",NA,"2′00″",0.6,30.9,14,"38.9"
361,"Snorunt","Ice","Ice",NA,"2′04″",0.7,37,16.8,"34.3"
362,"Glalie","Ice","Ice",NA,"4′11″",1.5,565.5,256.5,"114.0"
362,"Glalie Mega Glalie","Ice","Ice",NA,"6′11″",2.1,772.1,350.2,"79.4"
363,"Spheal","Ice/Water","Ice","Water","2′07″",0.8,87.1,39.5,"61.7"
364,"Sealeo","Ice/Water","Ice","Water","3′07″",1.1,193.1,87.6,"72.4"
365,"Walrein","Ice/Water","Ice","Water","4′07″",1.4,332,150.6,"76.8"
366,"Clamperl","Water","Water",NA,"1′04″",0.4,115.7,52.5,"328.1"
367,"Huntail","Water","Water",NA,"5′07″",1.7,59.5,27,"9.3"
368,"Gorebyss","Water","Water",NA,"5′11″",1.8,49.8,22.6,"7.0"
369,"Relicanth","Water/Rock","Water","Rock","3′03″",1,51.6,23.4,"23.4"
370,"Luvdisc","Water","Water",NA,"2′00″",0.6,19.2,8.7,"24.2"
371,"Bagon","Dragon","Dragon",NA,"2′00″",0.6,92.8,42.1,"116.9"
372,"Shelgon","Dragon","Dragon",NA,"3′07″",1.1,243.6,110.5,"91.3"
373,"Salamence","Dragon/Flying","Dragon","Flying","4′11″",1.5,226.2,102.6,"45.6"
373,"Salamence Mega Salamence","Dragon/Flying","Dragon","Flying","5′11″",1.8,248.2,112.6,"34.8"
374,"Beldum","Steel/Psychic","Steel","Psychic","2′00″",0.6,209.9,95.2,"264.4"
375,"Metang","Steel/Psychic","Steel","Psychic","3′11″",1.2,446.4,202.5,"140.6"
376,"Metagross","Steel/Psychic","Steel","Psychic","5′03″",1.6,1212.5,550,"214.8"
376,"Metagross Mega Metagross","Steel/Psychic","Steel","Psychic","8′02″",2.5,2078.7,942.9,"150.9"
377,"Regirock","Rock","Rock",NA,"5′07″",1.7,507.1,230,"79.6"
378,"Regice","Ice","Ice",NA,"5′11″",1.8,385.8,175,"54.0"
379,"Registeel","Steel","Steel",NA,"6′03″",1.9,451.9,205,"56.8"
380,"Latias","Dragon/Psychic","Dragon","Psychic","4′07″",1.4,88.2,40,"20.4"
380,"Latias Mega Latias","Dragon/Psychic","Dragon","Psychic","5′11″",1.8,114.6,52,"16.0"
381,"Latios","Dragon/Psychic","Dragon","Psychic","6′07″",2,132.3,60,"15.0"
381,"Latios Mega Latios","Dragon/Psychic","Dragon","Psychic","7′07″",2.3,154.3,70,"13.2"
382,"Kyogre","Water","Water",NA,"14′09″",4.5,776,352,"17.4"
382,"Kyogre Primal Kyogre","Water","Water",NA,"32′02″",9.8,948,430,"4.5"
383,"Groudon","Ground","Ground",NA,"11′06″",3.5,2094.4,950,"77.6"
383,"Groudon Primal Groudon","Ground/Fire","Ground","Fire","16′05″",5,2204,999.7,"40.0"
384,"Rayquaza","Dragon/Flying","Dragon","Flying","23′00″",7,455.2,206.5,"4.2"
384,"Rayquaza Mega Rayquaza","Dragon/Flying","Dragon","Flying","35′05″",10.8,864.2,392,"3.4"
385,"Jirachi","Steel/Psychic","Steel","Psychic","1′00″",0.3,2.4,1.1,"12.2"
386,"Deoxys Normal Forme","Psychic","Psychic",NA,"5′07″",1.7,134,60.8,"21.0"
386,"Deoxys Attack Forme","Psychic","Psychic",NA,"5′07″",1.7,134,60.8,"21.0"
386,"Deoxys Defense Forme","Psychic","Psychic",NA,"5′07″",1.7,134,60.8,"21.0"
386,"Deoxys Speed Forme","Psychic","Psychic",NA,"5′07″",1.7,134,60.8,"21.0"
387,"Turtwig","Grass","Grass",NA,"1′04″",0.4,22.5,10.2,"63.8"
388,"Grotle","Grass","Grass",NA,"3′07″",1.1,213.8,97,"80.2"
389,"Torterra","Grass/Ground","Grass","Ground","7′03″",2.2,683.4,310,"64.0"
390,"Chimchar","Fire","Fire",NA,"1′08″",0.5,13.7,6.2,"24.8"
391,"Monferno","Fire/Fighting","Fire","Fighting","2′11″",0.9,48.5,22,"27.2"
392,"Infernape","Fire/Fighting","Fire","Fighting","3′11″",1.2,121.3,55,"38.2"
393,"Piplup","Water","Water",NA,"1′04″",0.4,11.5,5.2,"32.5"
394,"Prinplup","Water","Water",NA,"2′07″",0.8,50.7,23,"35.9"
395,"Empoleon","Water/Steel","Water","Steel","5′07″",1.7,186.3,84.5,"29.2"
396,"Starly","Normal/Flying","Normal","Flying","1′00″",0.3,4.4,2,"22.2"
397,"Staravia","Normal/Flying","Normal","Flying","2′00″",0.6,34.2,15.5,"43.1"
398,"Staraptor","Normal/Flying","Normal","Flying","3′11″",1.2,54.9,24.9,"17.3"
399,"Bidoof","Normal","Normal",NA,"1′08″",0.5,44.1,20,"80.0"
400,"Bibarel","Normal/Water","Normal","Water","3′03″",1,69.4,31.5,"31.5"
401,"Kricketot","Bug","Bug",NA,"1′00″",0.3,4.9,2.2,"24.4"
402,"Kricketune","Bug","Bug",NA,"3′03″",1,56.2,25.5,"25.5"
403,"Shinx","Electric","Electric",NA,"1′08″",0.5,20.9,9.5,"38.0"
404,"Luxio","Electric","Electric",NA,"2′11″",0.9,67.2,30.5,"37.7"
405,"Luxray","Electric","Electric",NA,"4′07″",1.4,92.6,42,"21.4"
406,"Budew","Grass/Poison","Grass","Poison","0′08″",0.2,2.6,1.2,"30.0"
407,"Roserade","Grass/Poison","Grass","Poison","2′11″",0.9,32,14.5,"17.9"
408,"Cranidos","Rock","Rock",NA,"2′11″",0.9,69.4,31.5,"38.9"
409,"Rampardos","Rock","Rock",NA,"5′03″",1.6,226,102.5,"40.0"
410,"Shieldon","Rock/Steel","Rock","Steel","1′08″",0.5,125.7,57,"228.0"
411,"Bastiodon","Rock/Steel","Rock","Steel","4′03″",1.3,329.6,149.5,"88.5"
412,"Burmy","Bug","Bug",NA,"0′08″",0.2,7.5,3.4,"85.0"
413,"Wormadam Plant Cloak","Bug/Grass","Bug","Grass","1′08″",0.5,14.3,6.5,"26.0"
413,"Wormadam Sandy Cloak","Bug/Ground","Bug","Ground","1′08″",0.5,14.3,6.5,"26.0"
413,"Wormadam Trash Cloak","Bug/Steel","Bug","Steel","1′08″",0.5,14.3,6.5,"26.0"
414,"Mothim","Bug/Flying","Bug","Flying","2′11″",0.9,51.4,23.3,"28.8"
415,"Combee","Bug/Flying","Bug","Flying","1′00″",0.3,12.1,5.5,"61.1"
416,"Vespiquen","Bug/Flying","Bug","Flying","3′11″",1.2,84.9,38.5,"26.7"
417,"Pachirisu","Electric","Electric",NA,"1′04″",0.4,8.6,3.9,"24.4"
418,"Buizel","Water","Water",NA,"2′04″",0.7,65,29.5,"60.2"
419,"Floatzel","Water","Water",NA,"3′07″",1.1,73.9,33.5,"27.7"
420,"Cherubi","Grass","Grass",NA,"1′04″",0.4,7.3,3.3,"20.6"
421,"Cherrim","Grass","Grass",NA,"1′08″",0.5,20.5,9.3,"37.2"
422,"Shellos","Water","Water",NA,"1′00″",0.3,13.9,6.3,"70.0"
423,"Gastrodon","Water/Ground","Water","Ground","2′11″",0.9,65.9,29.9,"36.9"
424,"Ambipom","Normal","Normal",NA,"3′11″",1.2,44.8,20.3,"14.1"
425,"Drifloon","Ghost/Flying","Ghost","Flying","1′04″",0.4,2.6,1.2,"7.5"
426,"Drifblim","Ghost/Flying","Ghost","Flying","3′11″",1.2,33.1,15,"10.4"
427,"Buneary","Normal","Normal",NA,"1′04″",0.4,12.1,5.5,"34.4"
428,"Lopunny","Normal","Normal",NA,"3′11″",1.2,73.4,33.3,"23.1"
428,"Lopunny Mega Lopunny","Normal/Fighting","Normal","Fighting","4′03″",1.3,62.4,28.3,"16.7"
429,"Mismagius","Ghost","Ghost",NA,"2′11″",0.9,9.7,4.4,"5.4"
430,"Honchkrow","Dark/Flying","Dark","Flying","2′11″",0.9,60.2,27.3,"33.7"
431,"Glameow","Normal","Normal",NA,"1′08″",0.5,8.6,3.9,"15.6"
432,"Purugly","Normal","Normal",NA,"3′03″",1,96.6,43.8,"43.8"
433,"Chingling","Psychic","Psychic",NA,"0′08″",0.2,1.3,0.6,"15.0"
434,"Stunky","Poison/Dark","Poison","Dark","1′04″",0.4,42.3,19.2,"120.0"
435,"Skuntank","Poison/Dark","Poison","Dark","3′03″",1,83.8,38,"38.0"
436,"Bronzor","Steel/Psychic","Steel","Psychic","1′08″",0.5,133.4,60.5,"242.0"
437,"Bronzong","Steel/Psychic","Steel","Psychic","4′03″",1.3,412.3,187,"110.7"
438,"Bonsly","Rock","Rock",NA,"1′08″",0.5,33.1,15,"60.0"
439,"Mime Jr.","Psychic/Fairy","Psychic","Fairy","2′00″",0.6,28.7,13,"36.1"
440,"Happiny","Normal","Normal",NA,"2′00″",0.6,53.8,24.4,"67.8"
441,"Chatot","Normal/Flying","Normal","Flying","1′08″",0.5,4.2,1.9,"7.6"
442,"Spiritomb","Ghost/Dark","Ghost","Dark","3′03″",1,238.1,108,"108.0"
443,"Gible","Dragon/Ground","Dragon","Ground","2′04″",0.7,45.2,20.5,"41.8"
444,"Gabite","Dragon/Ground","Dragon","Ground","4′07″",1.4,123.5,56,"28.6"
445,"Garchomp","Dragon/Ground","Dragon","Ground","6′03″",1.9,209.4,95,"26.3"
445,"Garchomp Mega Garchomp","Dragon/Ground","Dragon","Ground","6′03″",1.9,209.4,95,"26.3"
446,"Munchlax","Normal","Normal",NA,"2′00″",0.6,231.5,105,"291.7"
447,"Riolu","Fighting","Fighting",NA,"2′04″",0.7,44.5,20.2,"41.2"
448,"Lucario","Fighting/Steel","Fighting","Steel","3′11″",1.2,119,54,"37.5"
448,"Lucario Mega Lucario","Fighting/Steel","Fighting","Steel","4′03″",1.3,126.8,57.5,"34.0"
449,"Hippopotas","Ground","Ground",NA,"2′07″",0.8,109.1,49.5,"77.3"
450,"Hippowdon","Ground","Ground",NA,"6′07″",2,661.4,300,"75.0"
451,"Skorupi","Poison/Bug","Poison","Bug","2′07″",0.8,26.5,12,"18.8"
452,"Drapion","Poison/Dark","Poison","Dark","4′03″",1.3,135.6,61.5,"36.4"
453,"Croagunk","Poison/Fighting","Poison","Fighting","2′04″",0.7,50.7,23,"46.9"
454,"Toxicroak","Poison/Fighting","Poison","Fighting","4′03″",1.3,97.9,44.4,"26.3"
455,"Carnivine","Grass","Grass",NA,"4′07″",1.4,59.5,27,"13.8"
456,"Finneon","Water","Water",NA,"1′04″",0.4,15.4,7,"43.8"
457,"Lumineon","Water","Water",NA,"3′11″",1.2,52.9,24,"16.7"
458,"Mantyke","Water/Flying","Water","Flying","3′03″",1,143.3,65,"65.0"
459,"Snover","Grass/Ice","Grass","Ice","3′03″",1,111.3,50.5,"50.5"
460,"Abomasnow","Grass/Ice","Grass","Ice","7′03″",2.2,298.7,135.5,"28.0"
460,"Abomasnow Mega Abomasnow","Grass/Ice","Grass","Ice","8′10″",2.7,407.9,185,"25.4"
461,"Weavile","Dark/Ice","Dark","Ice","3′07″",1.1,75,34,"28.1"
462,"Magnezone","Electric/Steel","Electric","Steel","3′11″",1.2,396.8,180,"125.0"
463,"Lickilicky","Normal","Normal",NA,"5′07″",1.7,308.6,140,"48.4"
464,"Rhyperior","Ground/Rock","Ground","Rock","7′10″",2.4,623.5,282.8,"49.1"
465,"Tangrowth","Grass","Grass",NA,"6′07″",2,283.5,128.6,"32.2"
466,"Electivire","Electric","Electric",NA,"5′11″",1.8,305.6,138.6,"42.8"
467,"Magmortar","Fire","Fire",NA,"5′03″",1.6,149.9,68,"26.6"
468,"Togekiss","Fairy/Flying","Fairy","Flying","4′11″",1.5,83.8,38,"16.9"
469,"Yanmega","Bug/Flying","Bug","Flying","6′03″",1.9,113.5,51.5,"14.3"
470,"Leafeon","Grass","Grass",NA,"3′03″",1,56.2,25.5,"25.5"
471,"Glaceon","Ice","Ice",NA,"2′07″",0.8,57.1,25.9,"40.5"
472,"Gliscor","Ground/Flying","Ground","Flying","6′07″",2,93.7,42.5,"10.6"
473,"Mamoswine","Ice/Ground","Ice","Ground","8′02″",2.5,641.5,291,"46.6"
474,"Porygon-Z","Normal","Normal",NA,"2′11″",0.9,75,34,"42.0"
475,"Gallade","Psychic/Fighting","Psychic","Fighting","5′03″",1.6,114.6,52,"20.3"
475,"Gallade Mega Gallade","Psychic/Fighting","Psychic","Fighting","5′03″",1.6,124.3,56.4,"22.0"
476,"Probopass","Rock/Steel","Rock","Steel","4′07″",1.4,749.6,340,"173.5"
477,"Dusknoir","Ghost","Ghost",NA,"7′03″",2.2,235,106.6,"22.0"
478,"Froslass","Ice/Ghost","Ice","Ghost","4′03″",1.3,58.6,26.6,"15.7"
479,"Rotom","Electric/Ghost","Electric","Ghost","1′00″",0.3,0.7,0.3,"3.3"
479,"Rotom Heat Rotom","Electric/Fire","Electric","Fire","1′00″",0.3,0.7,0.3,"3.3"
479,"Rotom Wash Rotom","Electric/Water","Electric","Water","1′00″",0.3,0.7,0.3,"3.3"
479,"Rotom Frost Rotom","Electric/Ice","Electric","Ice","1′00″",0.3,0.7,0.3,"3.3"
479,"Rotom Fan Rotom","Electric/Flying","Electric","Flying","1′00″",0.3,0.7,0.3,"3.3"
479,"Rotom Mow Rotom","Electric/Grass","Electric","Grass","1′00″",0.3,0.7,0.3,"3.3"
480,"Uxie","Psychic","Psychic",NA,"1′00″",0.3,0.7,0.3,"3.3"
481,"Mesprit","Psychic","Psychic",NA,"1′00″",0.3,0.7,0.3,"3.3"
482,"Azelf","Psychic","Psychic",NA,"1′00″",0.3,0.7,0.3,"3.3"
483,"Dialga","Steel/Dragon","Steel","Dragon","17′09″",5.4,1505.8,683,"23.4"
484,"Palkia","Water/Dragon","Water","Dragon","13′09″",4.2,740.8,336,"19.0"
485,"Heatran","Fire/Steel","Fire","Steel","5′07″",1.7,948,430,"148.8"
486,"Regigigas","Normal","Normal",NA,"12′02″",3.7,925.9,420,"30.7"
487,"Giratina Altered Forme","Ghost/Dragon","Ghost","Dragon","14′09″",4.5,1653.5,750,"37.0"
487,"Giratina Origin Forme","Ghost/Dragon","Ghost","Dragon","22′08″",6.9,1433,650,"13.7"
488,"Cresselia","Psychic","Psychic",NA,"4′11″",1.5,188.7,85.6,"38.0"
489,"Phione","Water","Water",NA,"1′04″",0.4,6.8,3.1,"19.4"
490,"Manaphy","Water","Water",NA,"1′00″",0.3,3.1,1.4,"15.6"
491,"Darkrai","Dark","Dark",NA,"4′11″",1.5,111.3,50.5,"22.4"
492,"Shaymin Land Forme","Grass","Grass",NA,"0′08″",0.2,4.6,2.1,"52.5"
492,"Shaymin Sky Forme","Grass/Flying","Grass","Flying","1′04″",0.4,11.5,5.2,"32.5"
493,"Arceus","Normal","Normal",NA,"10′06″",3.2,705.5,320,"31.3"
494,"Victini","Psychic/Fire","Psychic","Fire","1′04″",0.4,8.8,4,"25.0"
495,"Snivy","Grass","Grass",NA,"2′00″",0.6,17.9,8.1,"22.5"
496,"Servine","Grass","Grass",NA,"2′07″",0.8,35.3,16,"25.0"
497,"Serperior","Grass","Grass",NA,"10′10″",3.3,138.9,63,"5.8"
498,"Tepig","Fire","Fire",NA,"1′08″",0.5,21.8,9.9,"39.6"
499,"Pignite","Fire/Fighting","Fire","Fighting","3′03″",1,122.4,55.5,"55.5"
500,"Emboar","Fire/Fighting","Fire","Fighting","5′03″",1.6,330.7,150,"58.6"
501,"Oshawott","Water","Water",NA,"1′08″",0.5,13,5.9,"23.6"
502,"Dewott","Water","Water",NA,"2′07″",0.8,54,24.5,"38.3"
503,"Samurott","Water","Water",NA,"4′11″",1.5,208.6,94.6,"42.0"
504,"Patrat","Normal","Normal",NA,"1′08″",0.5,25.6,11.6,"46.4"
505,"Watchog","Normal","Normal",NA,"3′07″",1.1,59.5,27,"22.3"
506,"Lillipup","Normal","Normal",NA,"1′04″",0.4,9,4.1,"25.6"
507,"Herdier","Normal","Normal",NA,"2′11″",0.9,32.4,14.7,"18.1"
508,"Stoutland","Normal","Normal",NA,"3′11″",1.2,134.5,61,"42.4"
509,"Purrloin","Dark","Dark",NA,"1′04″",0.4,22.3,10.1,"63.1"
510,"Liepard","Dark","Dark",NA,"3′07″",1.1,82.7,37.5,"31.0"
511,"Pansage","Grass","Grass",NA,"2′00″",0.6,23.1,10.5,"29.2"
512,"Simisage","Grass","Grass",NA,"3′07″",1.1,67.2,30.5,"25.2"
513,"Pansear","Fire","Fire",NA,"2′00″",0.6,24.3,11,"30.6"
514,"Simisear","Fire","Fire",NA,"3′03″",1,61.7,28,"28.0"
515,"Panpour","Water","Water",NA,"2′00″",0.6,29.8,13.5,"37.5"
516,"Simipour","Water","Water",NA,"3′03″",1,63.9,29,"29.0"
517,"Munna","Psychic","Psychic",NA,"2′00″",0.6,51.4,23.3,"64.7"
518,"Musharna","Psychic","Psychic",NA,"3′07″",1.1,133.4,60.5,"50.0"
519,"Pidove","Normal/Flying","Normal","Flying","1′00″",0.3,4.6,2.1,"23.3"
520,"Tranquill","Normal/Flying","Normal","Flying","2′00″",0.6,33.1,15,"41.7"
521,"Unfezant","Normal/Flying","Normal","Flying","3′11″",1.2,63.9,29,"20.1"
522,"Blitzle","Electric","Electric",NA,"2′07″",0.8,65.7,29.8,"46.6"
523,"Zebstrika","Electric","Electric",NA,"5′03″",1.6,175.3,79.5,"31.1"
524,"Roggenrola","Rock","Rock",NA,"1′04″",0.4,39.7,18,"112.5"
525,"Boldore","Rock","Rock",NA,"2′11″",0.9,224.9,102,"125.9"
526,"Gigalith","Rock","Rock",NA,"5′07″",1.7,573.2,260,"90.0"
527,"Woobat","Psychic/Flying","Psychic","Flying","1′04″",0.4,4.6,2.1,"13.1"
528,"Swoobat","Psychic/Flying","Psychic","Flying","2′11″",0.9,23.1,10.5,"13.0"
529,"Drilbur","Ground","Ground",NA,"1′00″",0.3,18.7,8.5,"94.4"
530,"Excadrill","Ground/Steel","Ground","Steel","2′04″",0.7,89.1,40.4,"82.4"
531,"Audino","Normal","Normal",NA,"3′07″",1.1,68.3,31,"25.6"
531,"Audino Mega Audino","Normal/Fairy","Normal","Fairy","4′11″",1.5,70.5,32,"14.2"
532,"Timburr","Fighting","Fighting",NA,"2′00″",0.6,27.6,12.5,"34.7"
533,"Gurdurr","Fighting","Fighting",NA,"3′11″",1.2,88.2,40,"27.8"
534,"Conkeldurr","Fighting","Fighting",NA,"4′07″",1.4,191.8,87,"44.4"
535,"Tympole","Water","Water",NA,"1′08″",0.5,9.9,4.5,"18.0"
536,"Palpitoad","Water/Ground","Water","Ground","2′07″",0.8,37.5,17,"26.6"
537,"Seismitoad","Water/Ground","Water","Ground","4′11″",1.5,136.7,62,"27.6"
538,"Throh","Fighting","Fighting",NA,"4′03″",1.3,122.4,55.5,"32.8"
539,"Sawk","Fighting","Fighting",NA,"4′07″",1.4,112.4,51,"26.0"
540,"Sewaddle","Bug/Grass","Bug","Grass","1′00″",0.3,5.5,2.5,"27.8"
541,"Swadloon","Bug/Grass","Bug","Grass","1′08″",0.5,16.1,7.3,"29.2"
542,"Leavanny","Bug/Grass","Bug","Grass","3′11″",1.2,45.2,20.5,"14.2"
543,"Venipede","Bug/Poison","Bug","Poison","1′04″",0.4,11.7,5.3,"33.1"
544,"Whirlipede","Bug/Poison","Bug","Poison","3′11″",1.2,129,58.5,"40.6"
545,"Scolipede","Bug/Poison","Bug","Poison","8′02″",2.5,442,200.5,"32.1"
546,"Cottonee","Grass/Fairy","Grass","Fairy","1′00″",0.3,1.3,0.6,"6.7"
547,"Whimsicott","Grass/Fairy","Grass","Fairy","2′04″",0.7,14.6,6.6,"13.5"
548,"Petilil","Grass","Grass",NA,"1′08″",0.5,14.6,6.6,"26.4"
549,"Lilligant","Grass","Grass",NA,"3′07″",1.1,35.9,16.3,"13.5"
550,"Basculin Red-Striped Form","Water","Water",NA,"3′03″",1,39.7,18,"18.0"
550,"Basculin Blue-Striped Form","Water","Water",NA,"3′03″",1,39.7,18,"18.0"
551,"Sandile","Ground/Dark","Ground","Dark","2′04″",0.7,33.5,15.2,"31.0"
552,"Krokorok","Ground/Dark","Ground","Dark","3′03″",1,73.6,33.4,"33.4"
553,"Krookodile","Ground/Dark","Ground","Dark","4′11″",1.5,212.3,96.3,"42.8"
554,"Darumaka","Fire","Fire",NA,"2′00″",0.6,82.7,37.5,"104.2"
555,"Darmanitan Standard Mode","Fire","Fire",NA,"4′03″",1.3,204.8,92.9,"55.0"
555,"Darmanitan Zen Mode","Fire/Psychic","Fire","Psychic","4′03″",1.3,204.8,92.9,"55.0"
556,"Maractus","Grass","Grass",NA,"3′03″",1,61.7,28,"28.0"
557,"Dwebble","Bug/Rock","Bug","Rock","1′00″",0.3,32,14.5,"161.1"
558,"Crustle","Bug/Rock","Bug","Rock","4′07″",1.4,440.9,200,"102.0"
559,"Scraggy","Dark/Fighting","Dark","Fighting","2′00″",0.6,26,11.8,"32.8"
560,"Scrafty","Dark/Fighting","Dark","Fighting","3′07″",1.1,66.1,30,"24.8"
561,"Sigilyph","Psychic/Flying","Psychic","Flying","4′07″",1.4,30.9,14,"7.1"
562,"Yamask","Ghost","Ghost",NA,"1′08″",0.5,3.3,1.5,"6.0"
563,"Cofagrigus","Ghost","Ghost",NA,"5′07″",1.7,168.7,76.5,"26.5"
564,"Tirtouga","Water/Rock","Water","Rock","2′04″",0.7,36.4,16.5,"33.7"
565,"Carracosta","Water/Rock","Water","Rock","3′11″",1.2,178.6,81,"56.3"
566,"Archen","Rock/Flying","Rock","Flying","1′08″",0.5,20.9,9.5,"38.0"
567,"Archeops","Rock/Flying","Rock","Flying","4′07″",1.4,70.5,32,"16.3"
568,"Trubbish","Poison","Poison",NA,"2′00″",0.6,68.3,31,"86.1"
569,"Garbodor","Poison","Poison",NA,"6′03″",1.9,236.6,107.3,"29.7"
570,"Zorua","Dark","Dark",NA,"2′04″",0.7,27.6,12.5,"25.5"
571,"Zoroark","Dark","Dark",NA,"5′03″",1.6,178.8,81.1,"31.7"
572,"Minccino","Normal","Normal",NA,"1′04″",0.4,12.8,5.8,"36.3"
573,"Cinccino","Normal","Normal",NA,"1′08″",0.5,16.5,7.5,"30.0"
574,"Gothita","Psychic","Psychic",NA,"1′04″",0.4,12.8,5.8,"36.3"
575,"Gothorita","Psychic","Psychic",NA,"2′04″",0.7,39.7,18,"36.7"
576,"Gothitelle","Psychic","Psychic",NA,"4′11″",1.5,97,44,"19.6"
577,"Solosis","Psychic","Psychic",NA,"1′00″",0.3,2.2,1,"11.1"
578,"Duosion","Psychic","Psychic",NA,"2′00″",0.6,17.6,8,"22.2"
579,"Reuniclus","Psychic","Psychic",NA,"3′03″",1,44.3,20.1,"20.1"
580,"Ducklett","Water/Flying","Water","Flying","1′08″",0.5,12.1,5.5,"22.0"
581,"Swanna","Water/Flying","Water","Flying","4′03″",1.3,53.4,24.2,"14.3"
582,"Vanillite","Ice","Ice",NA,"1′04″",0.4,12.6,5.7,"35.6"
583,"Vanillish","Ice","Ice",NA,"3′07″",1.1,90.4,41,"33.9"
584,"Vanilluxe","Ice","Ice",NA,"4′03″",1.3,126.8,57.5,"34.0"
585,"Deerling","Normal/Grass","Normal","Grass","2′00″",0.6,43,19.5,"54.2"
586,"Sawsbuck","Normal/Grass","Normal","Grass","6′03″",1.9,203.9,92.5,"25.6"
587,"Emolga","Electric/Flying","Electric","Flying","1′04″",0.4,11,5,"31.3"
588,"Karrablast","Bug","Bug",NA,"1′08″",0.5,13,5.9,"23.6"
589,"Escavalier","Bug/Steel","Bug","Steel","3′03″",1,72.8,33,"33.0"
590,"Foongus","Grass/Poison","Grass","Poison","0′08″",0.2,2.2,1,"25.0"
591,"Amoonguss","Grass/Poison","Grass","Poison","2′00″",0.6,23.1,10.5,"29.2"
592,"Frillish","Water/Ghost","Water","Ghost","3′11″",1.2,72.8,33,"22.9"
593,"Jellicent","Water/Ghost","Water","Ghost","7′03″",2.2,297.6,135,"27.9"
594,"Alomomola","Water","Water",NA,"3′11″",1.2,69.7,31.6,"21.9"
595,"Joltik","Bug/Electric","Bug","Electric","0′04″",0.1,1.3,0.6,"60.0"
596,"Galvantula","Bug/Electric","Bug","Electric","2′07″",0.8,31.5,14.3,"22.3"
597,"Ferroseed","Grass/Steel","Grass","Steel","2′00″",0.6,41.4,18.8,"52.2"
598,"Ferrothorn","Grass/Steel","Grass","Steel","3′03″",1,242.5,110,"110.0"
599,"Klink","Steel","Steel",NA,"1′00″",0.3,46.3,21,"233.3"
600,"Klang","Steel","Steel",NA,"2′00″",0.6,112.4,51,"141.7"
601,"Klinklang","Steel","Steel",NA,"2′00″",0.6,178.6,81,"225.0"
602,"Tynamo","Electric","Electric",NA,"0′08″",0.2,0.7,0.3,"7.5"
603,"Eelektrik","Electric","Electric",NA,"3′11″",1.2,48.5,22,"15.3"
604,"Eelektross","Electric","Electric",NA,"6′11″",2.1,177.5,80.5,"18.3"
605,"Elgyem","Psychic","Psychic",NA,"1′08″",0.5,19.8,9,"36.0"
606,"Beheeyem","Psychic","Psychic",NA,"3′03″",1,76.1,34.5,"34.5"
607,"Litwick","Ghost/Fire","Ghost","Fire","1′00″",0.3,6.8,3.1,"34.4"
608,"Lampent","Ghost/Fire","Ghost","Fire","2′00″",0.6,28.7,13,"36.1"
609,"Chandelure","Ghost/Fire","Ghost","Fire","3′03″",1,75.6,34.3,"34.3"
610,"Axew","Dragon","Dragon",NA,"2′00″",0.6,39.7,18,"50.0"
611,"Fraxure","Dragon","Dragon",NA,"3′03″",1,79.4,36,"36.0"
612,"Haxorus","Dragon","Dragon",NA,"5′11″",1.8,232.6,105.5,"32.6"
613,"Cubchoo","Ice","Ice",NA,"1′08″",0.5,18.7,8.5,"34.0"
614,"Beartic","Ice","Ice",NA,"8′06″",2.6,573.2,260,"38.5"
615,"Cryogonal","Ice","Ice",NA,"3′07″",1.1,326.3,148,"122.3"
616,"Shelmet","Bug","Bug",NA,"1′04″",0.4,17,7.7,"48.1"
617,"Accelgor","Bug","Bug",NA,"2′07″",0.8,55.8,25.3,"39.5"
618,"Stunfisk","Ground/Electric","Ground","Electric","2′04″",0.7,24.3,11,"22.4"
619,"Mienfoo","Fighting","Fighting",NA,"2′11″",0.9,44.1,20,"24.7"
620,"Mienshao","Fighting","Fighting",NA,"4′07″",1.4,78.3,35.5,"18.1"
621,"Druddigon","Dragon","Dragon",NA,"5′03″",1.6,306.4,139,"54.3"
622,"Golett","Ground/Ghost","Ground","Ghost","3′03″",1,202.8,92,"92.0"
623,"Golurk","Ground/Ghost","Ground","Ghost","9′02″",2.8,727.5,330,"42.1"
624,"Pawniard","Dark/Steel","Dark","Steel","1′08″",0.5,22.5,10.2,"40.8"
625,"Bisharp","Dark/Steel","Dark","Steel","5′03″",1.6,154.3,70,"27.3"
626,"Bouffalant","Normal","Normal",NA,"5′03″",1.6,208.6,94.6,"37.0"
627,"Rufflet","Normal/Flying","Normal","Flying","1′08″",0.5,23.1,10.5,"42.0"
628,"Braviary","Normal/Flying","Normal","Flying","4′11″",1.5,90.4,41,"18.2"
629,"Vullaby","Dark/Flying","Dark","Flying","1′08″",0.5,19.8,9,"36.0"
630,"Mandibuzz","Dark/Flying","Dark","Flying","3′11″",1.2,87.1,39.5,"27.4"
631,"Heatmor","Fire","Fire",NA,"4′07″",1.4,127.9,58,"29.6"
632,"Durant","Bug/Steel","Bug","Steel","1′00″",0.3,72.8,33,"366.7"
633,"Deino","Dark/Dragon","Dark","Dragon","2′07″",0.8,38.1,17.3,"27.0"
634,"Zweilous","Dark/Dragon","Dark","Dragon","4′07″",1.4,110.2,50,"25.5"
635,"Hydreigon","Dark/Dragon","Dark","Dragon","5′11″",1.8,352.7,160,"49.4"
636,"Larvesta","Bug/Fire","Bug","Fire","3′07″",1.1,63.5,28.8,"23.8"
637,"Volcarona","Bug/Fire","Bug","Fire","5′03″",1.6,101.4,46,"18.0"
638,"Cobalion","Steel/Fighting","Steel","Fighting","6′11″",2.1,551.2,250,"56.7"
639,"Terrakion","Rock/Fighting","Rock","Fighting","6′03″",1.9,573.2,260,"72.0"
640,"Virizion","Grass/Fighting","Grass","Fighting","6′07″",2,440.9,200,"50.0"
641,"Tornadus Incarnate Forme","Flying","Flying",NA,"4′11″",1.5,138.9,63,"28.0"
641,"Tornadus Therian Forme","Flying","Flying",NA,"4′07″",1.4,138.9,63,"32.1"
642,"Thundurus Incarnate Forme","Electric/Flying","Electric","Flying","4′11″",1.5,134.5,61,"27.1"
642,"Thundurus Therian Forme","Electric/Flying","Electric","Flying","9′10″",3,134.5,61,"6.8"
643,"Reshiram","Dragon/Fire","Dragon","Fire","10′06″",3.2,727.5,330,"32.2"
644,"Zekrom","Dragon/Electric","Dragon","Electric","9′06″",2.9,760.6,345,"41.0"
645,"Landorus Incarnate Forme","Ground/Flying","Ground","Flying","4′11″",1.5,149.9,68,"30.2"
645,"Landorus Therian Forme","Ground/Flying","Ground","Flying","4′03″",1.3,149.9,68,"40.2"
646,"Kyurem","Dragon/Ice","Dragon","Ice","9′10″",3,716.5,325,"36.1"
646,"Kyurem Black Kyurem","Dragon/Ice","Dragon","Ice","10′10″",3.3,716.5,325,"29.8"
646,"Kyurem White Kyurem","Dragon/Ice","Dragon","Ice","11′10″",3.6,716.5,325,"25.1"
647,"Keldeo Ordinary Forme","Water/Fighting","Water","Fighting","4′07″",1.4,106.9,48.5,"24.7"
647,"Keldeo Resolute Forme","Water/Fighting","Water","Fighting","4′07″",1.4,106.9,48.5,"24.7"
648,"Meloetta Aria Forme","Normal/Psychic","Normal","Psychic","2′00″",0.6,14.3,6.5,"18.1"
648,"Meloetta Pirouette Forme","Normal/Fighting","Normal","Fighting","2′00″",0.6,14.3,6.5,"18.1"
649,"Genesect","Bug/Steel","Bug","Steel","4′11″",1.5,181.9,82.5,"36.7"
650,"Chespin","Grass","Grass",NA,"1′04″",0.4,19.8,9,"56.3"
651,"Quilladin","Grass","Grass",NA,"2′04″",0.7,63.9,29,"59.2"
652,"Chesnaught","Grass/Fighting","Grass","Fighting","5′03″",1.6,198.4,90,"35.2"
653,"Fennekin","Fire","Fire",NA,"1′04″",0.4,20.7,9.4,"58.8"
654,"Braixen","Fire","Fire",NA,"3′03″",1,32,14.5,"14.5"
655,"Delphox","Fire/Psychic","Fire","Psychic","4′11″",1.5,86,39,"17.3"
656,"Froakie","Water","Water",NA,"1′00″",0.3,15.4,7,"77.8"
657,"Frogadier","Water","Water",NA,"2′00″",0.6,24,10.9,"30.3"
658,"Greninja","Water/Dark","Water","Dark","4′11″",1.5,88.2,40,"17.8"
658,"Greninja Ash-Greninja","Water/Dark","Water","Dark","4′11″",1.5,88.2,40,"17.8"
659,"Bunnelby","Normal","Normal",NA,"1′04″",0.4,11,5,"31.3"
660,"Diggersby","Normal/Ground","Normal","Ground","3′03″",1,93.5,42.4,"42.4"
661,"Fletchling","Normal/Flying","Normal","Flying","1′00″",0.3,3.7,1.7,"18.9"
662,"Fletchinder","Fire/Flying","Fire","Flying","2′04″",0.7,35.3,16,"32.7"
663,"Talonflame","Fire/Flying","Fire","Flying","3′11″",1.2,54,24.5,"17.0"
664,"Scatterbug","Bug","Bug",NA,"1′00″",0.3,5.5,2.5,"27.8"
665,"Spewpa","Bug","Bug",NA,"1′00″",0.3,18.5,8.4,"93.3"
666,"Vivillon","Bug/Flying","Bug","Flying","3′11″",1.2,37.5,17,"11.8"
667,"Litleo","Fire/Normal","Fire","Normal","2′00″",0.6,29.8,13.5,"37.5"
668,"Pyroar","Fire/Normal","Fire","Normal","4′11″",1.5,179.7,81.5,"36.2"
669,"Flabébé","Fairy","Fairy",NA,"0′04″",0.1,0.2,0.1,"10.0"
670,"Floette","Fairy","Fairy",NA,"0′08″",0.2,2,0.9,"22.5"
671,"Florges","Fairy","Fairy",NA,"3′07″",1.1,22,10,"8.3"
672,"Skiddo","Grass","Grass",NA,"2′11″",0.9,68.3,31,"38.3"
673,"Gogoat","Grass","Grass",NA,"5′07″",1.7,200.6,91,"31.5"
674,"Pancham","Fighting","Fighting",NA,"2′00″",0.6,17.6,8,"22.2"
675,"Pangoro","Fighting/Dark","Fighting","Dark","6′11″",2.1,299.8,136,"30.8"
676,"Furfrou","Normal","Normal",NA,"3′11″",1.2,61.7,28,"19.4"
677,"Espurr","Psychic","Psychic",NA,"1′00″",0.3,7.7,3.5,"38.9"
678,"Meowstic/Male","Psychic","Psychic",NA,"2′00″",0.6,18.7,8.5,"23.6"
678,"Meowstic/Female","Psychic","Psychic",NA,"2′00″",0.6,18.7,8.5,"23.6"
679,"Honedge","Steel/Ghost","Steel","Ghost","2′07″",0.8,4.4,2,"3.1"
680,"Doublade","Steel/Ghost","Steel","Ghost","2′07″",0.8,9.9,4.5,"7.0"
681,"Aegislash Blade Forme","Steel/Ghost","Steel","Ghost","5′07″",1.7,116.8,53,"18.3"
681,"Aegislash Shield Forme","Steel/Ghost","Steel","Ghost","5′07″",1.7,116.8,53,"18.3"
682,"Spritzee","Fairy","Fairy",NA,"0′08″",0.2,1.1,0.5,"12.5"
683,"Aromatisse","Fairy","Fairy",NA,"2′07″",0.8,34.2,15.5,"24.2"
684,"Swirlix","Fairy","Fairy",NA,"1′04″",0.4,7.7,3.5,"21.9"
685,"Slurpuff","Fairy","Fairy",NA,"2′07″",0.8,11,5,"7.8"
686,"Inkay","Dark/Psychic","Dark","Psychic","1′04″",0.4,7.7,3.5,"21.9"
687,"Malamar","Dark/Psychic","Dark","Psychic","4′11″",1.5,103.6,47,"20.9"
688,"Binacle","Rock/Water","Rock","Water","1′08″",0.5,68.3,31,"124.0"
689,"Barbaracle","Rock/Water","Rock","Water","4′03″",1.3,211.6,96,"56.8"
690,"Skrelp","Poison/Water","Poison","Water","1′08″",0.5,16.1,7.3,"29.2"
691,"Dragalge","Poison/Dragon","Poison","Dragon","5′11″",1.8,179.7,81.5,"25.2"
692,"Clauncher","Water","Water",NA,"1′08″",0.5,18.3,8.3,"33.2"
693,"Clawitzer","Water","Water",NA,"4′03″",1.3,77.8,35.3,"20.9"
694,"Helioptile","Electric/Normal","Electric","Normal","1′08″",0.5,13.2,6,"24.0"
695,"Heliolisk","Electric/Normal","Electric","Normal","3′03″",1,46.3,21,"21.0"
696,"Tyrunt","Rock/Dragon","Rock","Dragon","2′07″",0.8,57.3,26,"40.6"
697,"Tyrantrum","Rock/Dragon","Rock","Dragon","8′02″",2.5,595.2,270,"43.2"
698,"Amaura","Rock/Ice","Rock","Ice","4′03″",1.3,55.6,25.2,"14.9"
699,"Aurorus","Rock/Ice","Rock","Ice","8′10″",2.7,496,225,"30.9"
700,"Sylveon","Fairy","Fairy",NA,"3′03″",1,51.8,23.5,"23.5"
701,"Hawlucha","Fighting/Flying","Fighting","Flying","2′07″",0.8,47.4,21.5,"33.6"
702,"Dedenne","Electric/Fairy","Electric","Fairy","0′08″",0.2,4.9,2.2,"55.0"
703,"Carbink","Rock/Fairy","Rock","Fairy","1′00″",0.3,12.6,5.7,"63.3"
704,"Goomy","Dragon","Dragon",NA,"1′00″",0.3,6.2,2.8,"31.1"
705,"Sliggoo","Dragon","Dragon",NA,"2′07″",0.8,38.6,17.5,"27.3"
706,"Goodra","Dragon","Dragon",NA,"6′07″",2,331.8,150.5,"37.6"
707,"Klefki","Steel/Fairy","Steel","Fairy","0′08″",0.2,6.6,3,"75.0"
708,"Phantump","Ghost/Grass","Ghost","Grass","1′04″",0.4,15.4,7,"43.8"
709,"Trevenant","Ghost/Grass","Ghost","Grass","4′11″",1.5,156.5,71,"31.6"
710,"Pumpkaboo Average Size","Ghost/Grass","Ghost","Grass","1′04″",0.4,11,5,"31.3"
710,"Pumpkaboo Small Size","Ghost/Grass","Ghost","Grass","1′00″",0.3,7.7,3.5,"38.9"
710,"Pumpkaboo Large Size","Ghost/Grass","Ghost","Grass","1′08″",0.5,16.5,7.5,"30.0"
710,"Pumpkaboo Super Size","Ghost/Grass","Ghost","Grass","2′07″",0.8,33.1,15,"23.4"
711,"Gourgeist Average Size","Ghost/Grass","Ghost","Grass","2′11″",0.9,27.6,12.5,"15.4"
711,"Gourgeist Small Size","Ghost/Grass","Ghost","Grass","2′04″",0.7,20.9,9.5,"19.4"
711,"Gourgeist Large Size","Ghost/Grass","Ghost","Grass","3′07″",1.1,30.9,14,"11.6"
711,"Gourgeist Super Size","Ghost/Grass","Ghost","Grass","5′07″",1.7,86,39,"13.5"
712,"Bergmite","Ice","Ice",NA,"3′03″",1,219.4,99.5,"99.5"
713,"Avalugg","Ice","Ice",NA,"6′07″",2,1113.3,505,"126.3"
714,"Noibat","Flying/Dragon","Flying","Dragon","1′08″",0.5,17.6,8,"32.0"
715,"Noivern","Flying/Dragon","Flying","Dragon","4′11″",1.5,187.4,85,"37.8"
716,"Xerneas","Fairy","Fairy",NA,"9′10″",3,474,215,"23.9"
717,"Yveltal","Dark/Flying","Dark","Flying","19′00″",5.8,447.5,203,"6.0"
718,"Zygarde50% Forme","Dragon/Ground","Dragon","Ground","16′05″",5,672.4,305,"12.2"
718,"Zygarde10% Forme","Dragon/Ground","Dragon","Ground","3′11″",1.2,73.9,33.5,"23.3"
718,"Zygarde Complete Forme","Dragon/Ground","Dragon","Ground","14′09″",4.5,1344.8,610,"30.1"
719,"Diancie","Rock/Fairy","Rock","Fairy","2′04″",0.7,19.4,8.8,"18.0"
719,"Diancie Mega Diancie","Rock/Fairy","Rock","Fairy","3′07″",1.1,61.3,27.8,"23.0"
720,"Hoopa Hoopa Confined","Psychic/Ghost","Psychic","Ghost","1′08″",0.5,19.8,9,"36.0"
720,"Hoopa Hoopa Unbound","Psychic/Dark","Psychic","Dark","21′04″",6.5,1080.3,490,"11.6"
721,"Volcanion","Fire/Water","Fire","Water","5′07″",1.7,429.9,195,"67.5"
722,"Rowlet","Grass/Flying","Grass","Flying","1′00″",0.3,3.3,1.5,"16.7"
723,"Dartrix","Grass/Flying","Grass","Flying","2′04″",0.7,35.3,16,"32.7"
724,"Decidueye","Grass/Ghost","Grass","Ghost","5′03″",1.6,80.7,36.6,"14.3"
725,"Litten","Fire","Fire",NA,"1′04″",0.4,9.5,4.3,"26.9"
726,"Torracat","Fire","Fire",NA,"2′04″",0.7,55.1,25,"51.0"
727,"Incineroar","Fire/Dark","Fire","Dark","5′11″",1.8,183,83,"25.6"
728,"Popplio","Water","Water",NA,"1′04″",0.4,16.5,7.5,"46.9"
729,"Brionne","Water","Water",NA,"2′00″",0.6,38.6,17.5,"48.6"
730,"Primarina","Water/Fairy","Water","Fairy","5′11″",1.8,97,44,"13.6"
731,"Pikipek","Normal/Flying","Normal","Flying","1′00″",0.3,2.6,1.2,"13.3"
732,"Trumbeak","Normal/Flying","Normal","Flying","2′00″",0.6,32.6,14.8,"41.1"
733,"Toucannon","Normal/Flying","Normal","Flying","3′07″",1.1,57.3,26,"21.5"
734,"Yungoos","Normal","Normal",NA,"1′04″",0.4,13.2,6,"37.5"
735,"Gumshoos","Normal","Normal",NA,"2′04″",0.7,31.3,14.2,"29.0"
736,"Grubbin","Bug","Bug",NA,"1′04″",0.4,9.7,4.4,"27.5"
737,"Charjabug","Bug/Electric","Bug","Electric","1′08″",0.5,23.1,10.5,"42.0"
738,"Vikavolt","Bug/Electric","Bug","Electric","4′11″",1.5,99.2,45,"20.0"
739,"Crabrawler","Fighting","Fighting",NA,"2′00″",0.6,15.4,7,"19.4"
740,"Crabominable","Fighting/Ice","Fighting","Ice","5′07″",1.7,396.8,180,"62.3"
741,"Oricorio Baile Style","Fire/Flying","Fire","Flying","2′00″",0.6,7.5,3.4,"9.4"
741,"Oricorio Pom-Pom Style","Electric/Flying","Electric","Flying","2′00″",0.6,7.5,3.4,"9.4"
741,"Oricorio Pa'u Style","Psychic/Flying","Psychic","Flying","2′00″",0.6,7.5,3.4,"9.4"
741,"Oricorio Sensu Style","Ghost/Flying","Ghost","Flying","2′00″",0.6,7.5,3.4,"9.4"
742,"Cutiefly","Bug/Fairy","Bug","Fairy","0′04″",0.1,0.4,0.2,"20.0"
743,"Ribombee","Bug/Fairy","Bug","Fairy","0′08″",0.2,1.1,0.5,"12.5"
744,"Rockruff","Rock","Rock",NA,"1′08″",0.5,20.3,9.2,"36.8"
744,"Rockruff Own Tempo Rockruff","Rock","Rock",NA,"1′08″",0.5,20.3,9.2,"36.8"
745,"Lycanroc Midday Form","Rock","Rock",NA,"2′07″",0.8,55.1,25,"39.1"
745,"Lycanroc Midnight Form","Rock","Rock",NA,"3′07″",1.1,55.1,25,"20.7"
745,"Lycanroc Dusk Form","Rock","Rock",NA,"2′07″",0.8,55.1,25,"39.1"
746,"Wishiwashi Solo Form","Water","Water",NA,"0′08″",0.2,0.7,0.3,"7.5"
746,"Wishiwashi School Form","Water","Water",NA,"26′11″",8.2,173.3,78.6,"1.2"
747,"Mareanie","Poison/Water","Poison","Water","1′04″",0.4,17.6,8,"50.0"
748,"Toxapex","Poison/Water","Poison","Water","2′04″",0.7,32,14.5,"29.6"
749,"Mudbray","Ground","Ground",NA,"3′03″",1,242.5,110,"110.0"
750,"Mudsdale","Ground","Ground",NA,"8′02″",2.5,2028.3,920,"147.2"
751,"Dewpider","Water/Bug","Water","Bug","1′00″",0.3,8.8,4,"44.4"
752,"Araquanid","Water/Bug","Water","Bug","5′11″",1.8,180.8,82,"25.3"
753,"Fomantis","Grass","Grass",NA,"1′00″",0.3,3.3,1.5,"16.7"
754,"Lurantis","Grass","Grass",NA,"2′11″",0.9,40.8,18.5,"22.8"
755,"Morelull","Grass/Fairy","Grass","Fairy","0′08″",0.2,3.3,1.5,"37.5"
756,"Shiinotic","Grass/Fairy","Grass","Fairy","3′03″",1,25.4,11.5,"11.5"
757,"Salandit","Poison/Fire","Poison","Fire","2′00″",0.6,10.6,4.8,"13.3"
758,"Salazzle","Poison/Fire","Poison","Fire","3′11″",1.2,48.9,22.2,"15.4"
759,"Stufful","Normal/Fighting","Normal","Fighting","1′08″",0.5,15,6.8,"27.2"
760,"Bewear","Normal/Fighting","Normal","Fighting","6′11″",2.1,297.6,135,"30.6"
761,"Bounsweet","Grass","Grass",NA,"1′00″",0.3,7.1,3.2,"35.6"
762,"Steenee","Grass","Grass",NA,"2′04″",0.7,18.1,8.2,"16.7"
763,"Tsareena","Grass","Grass",NA,"3′11″",1.2,47.2,21.4,"14.9"
764,"Comfey","Fairy","Fairy",NA,"0′04″",0.1,0.7,0.3,"30.0"
765,"Oranguru","Normal/Psychic","Normal","Psychic","4′11″",1.5,167.6,76,"33.8"
766,"Passimian","Fighting","Fighting",NA,"6′07″",2,182.5,82.8,"20.7"
767,"Wimpod","Bug/Water","Bug","Water","1′08″",0.5,26.5,12,"48.0"
768,"Golisopod","Bug/Water","Bug","Water","6′07″",2,238.1,108,"27.0"
769,"Sandygast","Ghost/Ground","Ghost","Ground","1′08″",0.5,154.3,70,"280.0"
770,"Palossand","Ghost/Ground","Ghost","Ground","4′03″",1.3,551.2,250,"147.9"
771,"Pyukumuku","Water","Water",NA,"1′00″",0.3,2.6,1.2,"13.3"
772,"Type: Null","Normal","Normal",NA,"6′03″",1.9,265.7,120.5,"33.4"
773,"Silvally","Normal","Normal",NA,"7′07″",2.3,221.6,100.5,"19.0"
774,"Minior Meteor Form","Rock/Flying","Rock","Flying","1′00″",0.3,88.2,40,"444.4"
774,"Minior Core Form","Rock/Flying","Rock","Flying","1′00″",0.3,0.7,0.3,"3.3"
775,"Komala","Normal","Normal",NA,"1′04″",0.4,43.9,19.9,"124.4"
776,"Turtonator","Fire/Dragon","Fire","Dragon","6′07″",2,467.4,212,"53.0"
777,"Togedemaru","Electric/Steel","Electric","Steel","1′00″",0.3,7.3,3.3,"36.7"
778,"Mimikyu","Ghost/Fairy","Ghost","Fairy","0′08″",0.2,1.5,0.7,"17.5"
779,"Bruxish","Water/Psychic","Water","Psychic","2′11″",0.9,41.9,19,"23.5"
780,"Drampa","Normal/Dragon","Normal","Dragon","9′10″",3,407.9,185,"20.6"
781,"Dhelmise","Ghost/Grass","Ghost","Grass","12′10″",3.9,463,210,"13.8"
782,"Jangmo-o","Dragon","Dragon",NA,"2′00″",0.6,65.5,29.7,"82.5"
783,"Hakamo-o","Dragon/Fighting","Dragon","Fighting","3′11″",1.2,103.6,47,"32.6"
784,"Kommo-o","Dragon/Fighting","Dragon","Fighting","5′03″",1.6,172.4,78.2,"30.5"
785,"Tapu Koko","Electric/Fairy","Electric","Fairy","5′11″",1.8,45.2,20.5,"6.3"
786,"Tapu Lele","Psychic/Fairy","Psychic","Fairy","3′11″",1.2,41,18.6,"12.9"
787,"Tapu Bulu","Grass/Fairy","Grass","Fairy","6′03″",1.9,100.3,45.5,"12.6"
788,"Tapu Fini","Water/Fairy","Water","Fairy","4′03″",1.3,46.7,21.2,"12.5"
789,"Cosmog","Psychic","Psychic",NA,"0′08″",0.2,0.2,0.1,"2.5"
790,"Cosmoem","Psychic","Psychic",NA,"0′04″",0.1,2204.4,999.9,"99,990.0"
791,"Solgaleo","Psychic/Steel","Psychic","Steel","11′02″",3.4,507.1,230,"19.9"
792,"Lunala","Psychic/Ghost","Psychic","Ghost","13′01″",4,264.6,120,"7.5"
793,"Nihilego","Rock/Poison","Rock","Poison","3′11″",1.2,122.4,55.5,"38.5"
794,"Buzzwole","Bug/Fighting","Bug","Fighting","7′10″",2.4,735.5,333.6,"57.9"
795,"Pheromosa","Bug/Fighting","Bug","Fighting","5′11″",1.8,55.1,25,"7.7"
796,"Xurkitree","Electric","Electric",NA,"12′06″",3.8,220.5,100,"6.9"
797,"Celesteela","Steel/Flying","Steel","Flying","30′02″",9.2,2204.4,999.9,"11.8"
798,"Kartana","Grass/Steel","Grass","Steel","1′00″",0.3,0.2,0.1,"1.1"
799,"Guzzlord","Dark/Dragon","Dark","Dragon","18′01″",5.5,1957.7,888,"29.4"
800,"Necrozma","Psychic","Psychic",NA,"7′10″",2.4,507.1,230,"39.9"
800,"Necrozma Dusk Mane Necrozma","Psychic/Steel","Psychic","Steel","12′06″",3.8,1014.1,460,"31.9"
800,"Necrozma Dawn Wings Necrozma","Psychic/Ghost","Psychic","Ghost","13′09″",4.2,771.6,350,"19.8"
800,"Necrozma Ultra Necrozma","Psychic/Dragon","Psychic","Dragon","24′07″",7.5,507.1,230,"4.1"
801,"Magearna","Steel/Fairy","Steel","Fairy","3′03″",1,177.5,80.5,"80.5"
802,"Marshadow","Fighting/Ghost","Fighting","Ghost","2′04″",0.7,48.9,22.2,"45.3"
803,"Poipole","Poison","Poison",NA,"2′00″",0.6,4,1.8,"5.0"
804,"Naganadel","Poison/Dragon","Poison","Dragon","11′10″",3.6,330.7,150,"11.6"
805,"Stakataka","Rock/Steel","Rock","Steel","18′01″",5.5,1807.8,820,"27.1"
806,"Blacephalon","Fire/Ghost","Fire","Ghost","5′11″",1.8,28.7,13,"4.0"
807,"Zeraora","Electric","Electric",NA,"4′11″",1.5,98.1,44.5,"19.8"
